{
  "type": "FeatureCollection",
  "features": [
    {
      "type": "Feature",
      "geometry": {
        "type": "Point",
        "coordinates": [
          116.196172,
          39.925325
        ]
      },
      "properties": {
        "id": "cafe-247404-116196-39925",
        "name": "星巴克(鼎城当代商城店)",
        "brand": "星巴克",
        "brandCategory": "chain",
        "address": "阜石路165号当代商城1F层(南2门附近)",
        "district": "石景山区",
        "lng": 116.196172,
        "lat": 39.925325,
        "phone": "010-88939330",
        "rating": 4.5,
        "avgPrice": 30,
        "photos": [
          "http://store.is.autonavi.com/showpic/ec3440dbf3d8f9de23da5c7a0cf58ad7",
          "https://aos-comment.amap.com/B0G2XPK71N/comment/7efe4969bf07f0827c79fe9cf301b5eb_2048_2048_80.jpg",
          "https://aos-comment.amap.com/B0G2XPK71N/comment/cfba1202e87be692e1754c2e1810f8f8_2048_2048_80.jpg"
        ],
        "tags": [
          "餐饮服务;咖啡厅;星巴克咖啡"
        ],
        "dataSource": "unknown",
        "lastUpdated": "2026-10-09",
        "nearbyCafes500m": 0,
        "nearbyCafes1km": 1,
        "nearbyCafes2km": 12,
        "scoreAccessibility": 50,
        "scoreRarity": 83,
        "scorePopularity": 90,
        "scoreBrand": 70,
        "scoreSpace": 50,
        "scoreAmenity": 30,
        "scoreFreshness": 50,
        "score": 61
      }
    },
    {
      "type": "Feature",
      "geometry": {
        "type": "Point",
        "coordinates": [
          116.181225,
          39.925275
        ]
      },
      "properties": {
        "id": "cafe-290832-116181-39925",
        "name": "星巴克臻选(京西大悦城店)",
        "brand": "星巴克",
        "brandCategory": "chain",
        "address": "北京城区北京城区阜石路173号院京西大悦城1号楼1层29号",
        "district": "石景山区",
        "lng": 116.181225,
        "lat": 39.925275,
        "phone": "010-68864484",
        "rating": 4.4,
        "avgPrice": 30,
        "photos": [
          "https://store.is.autonavi.com/showpic/1cd0e4bddf4269440000002369070210?type=pic",
          "https://aos-comment.amap.com/comment/content_service__1770359355221_29604704_1770359382743_06144687.jpg",
          "https://aos-comment.amap.com/comment/content_service__1770359355212_20056959_1770359382739_55857059.jpg"
        ],
        "tags": [
          "餐饮服务;咖啡厅;星巴克咖啡"
        ],
        "dataSource": "unknown",
        "lastUpdated": "2026-10-09",
        "nearbyCafes500m": 0,
        "nearbyCafes1km": 0,
        "nearbyCafes2km": 13,
        "scoreAccessibility": 50,
        "scoreRarity": 85,
        "scorePopularity": 88,
        "scoreBrand": 70,
        "scoreSpace": 50,
        "scoreAmenity": 30,
        "scoreFreshness": 50,
        "score": 61
      }
    },
    {
      "type": "Feature",
      "geometry": {
        "type": "Point",
        "coordinates": [
          116.554959,
          39.976023
        ]
      },
      "properties": {
        "id": "cafe-299256-116555-39976",
        "name": "库迪咖啡(东坝晏河湾家园店)",
        "address": "北京城区东坝乡晏河湾14号院4号楼113(东坝北地铁站A口)",
        "district": "朝阳区",
        "lng": 116.554959,
        "lat": 39.976023,
        "phone": "15810501432",
        "rating": 4.5,
        "avgPrice": 9,
        "photos": [
          "https://store.is.autonavi.com/showpic/7b0db620ddccbe9ff42ce59100617216?operate=original?operate=original?operate=original?operate=original",
          "https://aos-comment.amap.com/B0L3HU7VZL/comment/AD25B899_36B0_4A2C_B6A6_1B66766A9123_L0_001_1744_200_1767107288557_65932386.jpg",
          "https://aos-comment.amap.com/B0L3HU7VZL/comment/content_media_external_file_1402_1761389389668_38014662.jpg"
        ],
        "tags": [
          "餐饮服务;咖啡厅;咖啡厅"
        ],
        "dataSource": "unknown",
        "lastUpdated": "2026-10-09",
        "nearbyCafes500m": 0,
        "nearbyCafes1km": 0,
        "nearbyCafes2km": 10,
        "scoreAccessibility": 50,
        "scoreRarity": 85,
        "scorePopularity": 90,
        "scoreBrand": 60,
        "scoreSpace": 50,
        "scoreAmenity": 30,
        "scoreFreshness": 50,
        "score": 60
      }
    },
    {
      "type": "Feature",
      "geometry": {
        "type": "Point",
        "coordinates": [
          116.561543,
          39.965009
        ]
      },
      "properties": {
        "id": "cafe-222257-116562-39965",
        "name": "RE5INA五魁咖啡·精酿·烤串",
        "address": "鼎石元素文创园F座101",
        "district": "朝阳区",
        "lng": 116.561543,
        "lat": 39.965009,
        "phone": "15901006466",
        "rating": 4.6,
        "avgPrice": 44,
        "photos": [
          "https://aos-comment.amap.com/B0K6757S1X/comment/2A6B39AD_21CD_43D3_9B9E_885E7C15B907_L0_001_1512_2016_1735223791823_20159633.jpg",
          "https://aos-comment.amap.com/B0K6757S1X/comment/027d0fec54aec1132d8fe862a4f1c4c1_2048_2048_80.jpg",
          "https://aos-comment.amap.com/B0K6757S1X/comment/96D0830B_F3B0_4621_9AB6_FB31C31E8BEE_L0_001_2142_2142_1735223791823_51931163.jpg"
        ],
        "tags": [
          "餐饮服务;咖啡厅;咖啡厅"
        ],
        "dataSource": "unknown",
        "lastUpdated": "2026-10-09",
        "nearbyCafes500m": 0,
        "nearbyCafes1km": 2,
        "nearbyCafes2km": 17,
        "scoreAccessibility": 50,
        "scoreRarity": 80,
        "scorePopularity": 92,
        "scoreBrand": 60,
        "scoreSpace": 50,
        "scoreAmenity": 30,
        "scoreFreshness": 50,
        "score": 59
      }
    },
    {
      "type": "Feature",
      "geometry": {
        "type": "Point",
        "coordinates": [
          116.52851,
          39.951679
        ]
      },
      "properties": {
        "id": "cafe-107810-116529-39952",
        "name": "粉红咖啡",
        "address": "北京城区东坝乡醉公坟甲五号安家IWork科技文创园",
        "district": "朝阳区",
        "lng": 116.52851,
        "lat": 39.951679,
        "phone": "15710055870",
        "rating": 4.6,
        "avgPrice": 41,
        "photos": [
          "https://aos-comment.amap.com/B0HAKSIKEP/comment/D846BC74_4884_4BE0_94D3_44A5E25B6210_L0_001_1126_200_1762353760100_42641544.jpg",
          "https://aos-comment.amap.com/B0HAKSIKEP/comment/content_media_external_file_88265_ss__1769692669812_82884753.jpg",
          "https://aos-comment.amap.com/B0HAKSIKEP/comment/3A80CABE_05FB_4ED5_B978_F86C95DEEE65_L0_001_1126_200_1762353760100_86759565.jpg"
        ],
        "tags": [
          "餐饮服务;咖啡厅;咖啡厅"
        ],
        "dataSource": "unknown",
        "lastUpdated": "2026-10-09",
        "nearbyCafes500m": 0,
        "nearbyCafes1km": 3,
        "nearbyCafes2km": 14,
        "scoreAccessibility": 50,
        "scoreRarity": 78,
        "scorePopularity": 92,
        "scoreBrand": 60,
        "scoreSpace": 50,
        "scoreAmenity": 30,
        "scoreFreshness": 50,
        "score": 59
      }
    },
    {
      "type": "Feature",
      "geometry": {
        "type": "Point",
        "coordinates": [
          116.428318,
          40.105743
        ]
      },
      "properties": {
        "id": "cafe-338245-116428-40106",
        "name": "香庭咖啡茶(北七家翡翠公园店)",
        "address": "卓兴路6号院翡翠公园1号楼底商",
        "district": "昌平区",
        "lng": 116.428318,
        "lat": 40.105743,
        "phone": "18010020529",
        "rating": 4.5,
        "avgPrice": 36,
        "photos": [
          "http://store.is.autonavi.com/showpic/d4a8ee3af080f29fc6d3ddf92ca65c53",
          "http://store.is.autonavi.com/showpic/78035ba094f4b98c1cea6d9134ff777b",
          "http://store.is.autonavi.com/showpic/d7ebf9e720f3700e6ed96473542ee389"
        ],
        "tags": [
          "餐饮服务;咖啡厅;咖啡厅"
        ],
        "dataSource": "unknown",
        "lastUpdated": "2026-10-09",
        "nearbyCafes500m": 0,
        "nearbyCafes1km": 3,
        "nearbyCafes2km": 3,
        "scoreAccessibility": 50,
        "scoreRarity": 78,
        "scorePopularity": 90,
        "scoreBrand": 60,
        "scoreSpace": 50,
        "scoreAmenity": 30,
        "scoreFreshness": 50,
        "score": 59
      }
    },
    {
      "type": "Feature",
      "geometry": {
        "type": "Point",
        "coordinates": [
          116.276217,
          40.029017
        ]
      },
      "properties": {
        "id": "cafe-237520-116276-40029",
        "name": "星巴克(中发百旺商城店)",
        "brand": "星巴克",
        "brandCategory": "chain",
        "address": "北京城区中发百旺商场南侧",
        "district": "海淀区",
        "lng": 116.276217,
        "lat": 40.029017,
        "phone": "010-62870892",
        "rating": 4.4,
        "avgPrice": 30,
        "photos": [
          "http://store.is.autonavi.com/showpic/ec3440dbf3d8f9de23da5c7a0cf58ad7",
          "https://aos-comment.amap.com/B0GR2M9Z0N/comment/81129a33ed6fd7531faf0a66f6a4f99e_2048_2048_80.jpg",
          "https://aos-comment.amap.com/B0GR2M9Z0N/comment/content_media_external_file_1000055476_ss__1765079130134_94925612.jpg"
        ],
        "tags": [
          "餐饮服务;咖啡厅;星巴克咖啡"
        ],
        "dataSource": "unknown",
        "lastUpdated": "2026-10-09",
        "nearbyCafes500m": 1,
        "nearbyCafes1km": 4,
        "nearbyCafes2km": 14,
        "scoreAccessibility": 50,
        "scoreRarity": 75,
        "scorePopularity": 88,
        "scoreBrand": 70,
        "scoreSpace": 50,
        "scoreAmenity": 30,
        "scoreFreshness": 50,
        "score": 59
      }
    },
    {
      "type": "Feature",
      "geometry": {
        "type": "Point",
        "coordinates": [
          116.205491,
          39.910364
        ]
      },
      "properties": {
        "id": "cafe-270234-116205-39910",
        "name": "Tims天好咖啡(融科创意中心店)",
        "brand": "Tims",
        "brandCategory": "chain",
        "address": "八角东街65号院4幢-太平融科地下商街-B1层1081",
        "district": "石景山区",
        "lng": 116.205491,
        "lat": 39.910364,
        "phone": "15810066970",
        "rating": 4.2,
        "avgPrice": 27,
        "photos": [
          "http://store.is.autonavi.com/query_pic?id=st1a318338-7770-4717-a3c2-d24271293e86&user=search&operate=original",
          "https://aos-comment.amap.com/B0H17B61CM/comment/5d8c7f612e8da5d1bf834bd4bfa48800_2048_2048_80.jpg",
          "https://aos-comment.amap.com/B0H17B61CM/comment/014bf0aedc5c0ea4adbed90cc7bd232f_2048_2048_80.jpg"
        ],
        "tags": [
          "餐饮服务;咖啡厅;咖啡厅"
        ],
        "dataSource": "unknown",
        "lastUpdated": "2026-10-09",
        "nearbyCafes500m": 1,
        "nearbyCafes1km": 3,
        "nearbyCafes2km": 19,
        "scoreAccessibility": 50,
        "scoreRarity": 78,
        "scorePopularity": 84,
        "scoreBrand": 72,
        "scoreSpace": 50,
        "scoreAmenity": 30,
        "scoreFreshness": 50,
        "score": 59
      }
    },
    {
      "type": "Feature",
      "geometry": {
        "type": "Point",
        "coordinates": [
          116.567201,
          39.960368
        ]
      },
      "properties": {
        "id": "cafe-248016-116567-39960",
        "name": "肯悦咖啡金驹家园店",
        "address": "金驹家园F区203号楼DBF-203-06-2",
        "district": "朝阳区",
        "lng": 116.567201,
        "lat": 39.960368,
        "phone": "18518377832",
        "rating": 4,
        "avgPrice": 27,
        "photos": [
          "http://store.is.autonavi.com/showpic/69291b67fe935515472b572b26d9942e",
          "https://aos-comment.amap.com/B0KD1CIP06/comment/60db1e25e5ccf461cdda5601a84459fa_2048_2048_80.jpg",
          "https://store.is.autonavi.com/showpic/b37cab1746e1c39e409e1d572916244b"
        ],
        "tags": [
          "餐饮服务;咖啡厅;咖啡厅"
        ],
        "dataSource": "unknown",
        "lastUpdated": "2026-10-09",
        "nearbyCafes500m": 0,
        "nearbyCafes1km": 1,
        "nearbyCafes2km": 16,
        "scoreAccessibility": 50,
        "scoreRarity": 83,
        "scorePopularity": 80,
        "scoreBrand": 60,
        "scoreSpace": 50,
        "scoreAmenity": 30,
        "scoreFreshness": 50,
        "score": 58
      }
    },
    {
      "type": "Feature",
      "geometry": {
        "type": "Point",
        "coordinates": [
          116.525755,
          39.956013
        ]
      },
      "properties": {
        "id": "cafe-194105-116526-39956",
        "name": "OC咖啡店(创意总社·1949店)",
        "address": "东坝路李家坟7号院创意总社·1949小王子东侧独栋",
        "district": "朝阳区",
        "lng": 116.525755,
        "lat": 39.956013,
        "phone": "15801024240",
        "rating": 4.1,
        "avgPrice": 25,
        "photos": [
          "https://aos-comment.amap.com/B0J2XLP3RN/comment/10b313f59bf7f9fa50b4f27ba8057a05_2048_2048_80.jpg",
          "https://store.is.autonavi.com/showpic/4536a75025f01e53ed75c3489e25a4f6",
          "https://store.is.autonavi.com/showpic/3fa42bfaa36954e37c2470e9e0bf4827"
        ],
        "tags": [
          "餐饮服务;咖啡厅;咖啡厅"
        ],
        "dataSource": "unknown",
        "lastUpdated": "2026-10-09",
        "nearbyCafes500m": 0,
        "nearbyCafes1km": 1,
        "nearbyCafes2km": 11,
        "scoreAccessibility": 50,
        "scoreRarity": 83,
        "scorePopularity": 82,
        "scoreBrand": 60,
        "scoreSpace": 50,
        "scoreAmenity": 30,
        "scoreFreshness": 50,
        "score": 58
      }
    },
    {
      "type": "Feature",
      "geometry": {
        "type": "Point",
        "coordinates": [
          116.440377,
          40.08584
        ]
      },
      "properties": {
        "id": "cafe-197315-116440-40086",
        "name": "瑞幸咖啡燕丹村店",
        "brand": "瑞幸",
        "brandCategory": "chain",
        "address": "太海路51号",
        "district": "昌平区",
        "lng": 116.440377,
        "lat": 40.08584,
        "phone": [],
        "rating": 3.9,
        "avgPrice": 15,
        "photos": [
          "https://store.is.autonavi.com/showpic/9ee2af932d2aa01e0000003171824146?type=pic",
          "https://store.is.autonavi.com/showpic/5a358f87d5a225830000002636132525",
          "https://store.is.autonavi.com/showpic/08d88b05b4ed93da7da3807995ea2a79"
        ],
        "tags": [
          "餐饮服务;咖啡厅;咖啡厅"
        ],
        "dataSource": "unknown",
        "lastUpdated": "2026-10-09",
        "nearbyCafes500m": 1,
        "nearbyCafes1km": 1,
        "nearbyCafes2km": 7,
        "scoreAccessibility": 50,
        "scoreRarity": 83,
        "scorePopularity": 78,
        "scoreBrand": 60,
        "scoreSpace": 50,
        "scoreAmenity": 30,
        "scoreFreshness": 50,
        "score": 58
      }
    },
    {
      "type": "Feature",
      "geometry": {
        "type": "Point",
        "coordinates": [
          116.423231,
          40.100518
        ]
      },
      "properties": {
        "id": "cafe-60146-116423-40101",
        "name": "福游 FUYO COFFEE",
        "address": "北京城区未来逸园西门南侧底商",
        "district": "昌平区",
        "lng": 116.423231,
        "lat": 40.100518,
        "phone": "15117987377",
        "rating": 4.1,
        "avgPrice": 15,
        "photos": [
          "https://store.is.autonavi.com/showpic/e30af2291b3e6b981910c03c2ab3f625",
          "https://store.is.autonavi.com/showpic/ee3f53c2b88bfe25ce03ea8df02c66c5",
          "https://aos-comment.amap.com/B0LKPSZ9QQ/comment/content_media_external_file_1000005318_ss__1767525539176_66191374.jpg"
        ],
        "tags": [
          "餐饮服务;咖啡厅;咖啡厅"
        ],
        "dataSource": "unknown",
        "lastUpdated": "2026-10-09",
        "nearbyCafes500m": 0,
        "nearbyCafes1km": 2,
        "nearbyCafes2km": 5,
        "scoreAccessibility": 50,
        "scoreRarity": 80,
        "scorePopularity": 82,
        "scoreBrand": 60,
        "scoreSpace": 50,
        "scoreAmenity": 30,
        "scoreFreshness": 50,
        "score": 58
      }
    },
    {
      "type": "Feature",
      "geometry": {
        "type": "Point",
        "coordinates": [
          116.415365,
          40.089346
        ]
      },
      "properties": {
        "id": "cafe-172994-116415-40089",
        "name": "幸运咖(东三旗店)",
        "address": "北七家镇东三旗村35号",
        "district": "昌平区",
        "lng": 116.415365,
        "lat": 40.089346,
        "phone": "18118721565",
        "rating": 4,
        "avgPrice": 10,
        "photos": [
          "https://aos-comment.amap.com/B0LRFK6FIC/comment/46807D36_E282_4224_8EF4_2898D14F70AE_L0_001_1500_200_1753962511727_99115005.jpg",
          "https://store.is.autonavi.com/showpic/7bec02217a9489920000001643542207?type=pic",
          "https://aos-comment.amap.com/B0LRFK6FIC/comment/7D901F8E_FD8D_45ED_9DF3_A4B882ABA49C_L0_001_1500_200_1753962511728_38675903.jpg"
        ],
        "tags": [
          "餐饮服务;咖啡厅;咖啡厅"
        ],
        "dataSource": "unknown",
        "lastUpdated": "2026-10-09",
        "nearbyCafes500m": 1,
        "nearbyCafes1km": 2,
        "nearbyCafes2km": 9,
        "scoreAccessibility": 50,
        "scoreRarity": 80,
        "scorePopularity": 80,
        "scoreBrand": 60,
        "scoreSpace": 50,
        "scoreAmenity": 30,
        "scoreFreshness": 50,
        "score": 58
      }
    },
    {
      "type": "Feature",
      "geometry": {
        "type": "Point",
        "coordinates": [
          116.416225,
          40.087986
        ]
      },
      "properties": {
        "id": "cafe-90025-116416-40088",
        "name": "乡村咖啡",
        "address": "立汤路与回南路交叉口东南280米",
        "district": "昌平区",
        "lng": 116.416225,
        "lat": 40.087986,
        "phone": "13301279220",
        "rating": 4.1,
        "avgPrice": 34,
        "photos": [
          "https://aos-comment.amap.com/B0L2URFO12/comment/content_media_external_file_1000005923_ss__1764910163042_32796485.jpg",
          "https://aos-comment.amap.com/B0L2URFO12/comment/content_media_external_file_3390_1763895405858_48196396.jpg",
          "https://aos-comment.amap.com/B0L2URFO12/comment/content_media_external_file_1000003185_ss__1763894275759_35025777.jpg"
        ],
        "tags": [
          "餐饮服务;咖啡厅;咖啡厅"
        ],
        "dataSource": "unknown",
        "lastUpdated": "2026-10-09",
        "nearbyCafes500m": 1,
        "nearbyCafes1km": 2,
        "nearbyCafes2km": 14,
        "scoreAccessibility": 50,
        "scoreRarity": 80,
        "scorePopularity": 82,
        "scoreBrand": 60,
        "scoreSpace": 50,
        "scoreAmenity": 30,
        "scoreFreshness": 50,
        "score": 58
      }
    },
    {
      "type": "Feature",
      "geometry": {
        "type": "Point",
        "coordinates": [
          116.426787,
          40.110164
        ]
      },
      "properties": {
        "id": "cafe-368154-116427-40110",
        "name": "库迪咖啡(昌平翡翠公园公园里店)",
        "address": "北京城区翡翠公园公园里1层G1",
        "district": "昌平区",
        "lng": 116.426787,
        "lat": 40.110164,
        "phone": "19910133278",
        "rating": 4.2,
        "avgPrice": 9,
        "photos": [
          "https://store.is.autonavi.com/showpic/7b0db620ddccbe9ff42ce59100617216?operate=original?operate=original?operate=original?operate=original",
          "https://store.is.autonavi.com/showpic/24a4916b2d06a8a20000002998042384?type=pic",
          "https://aos-comment.amap.com/B0L1L5DFDP/comment/175868185970_1758681862381_70077263.jpg"
        ],
        "tags": [
          "餐饮服务;咖啡厅;咖啡厅"
        ],
        "dataSource": "unknown",
        "lastUpdated": "2026-10-09",
        "nearbyCafes500m": 0,
        "nearbyCafes1km": 2,
        "nearbyCafes2km": 3,
        "scoreAccessibility": 50,
        "scoreRarity": 80,
        "scorePopularity": 84,
        "scoreBrand": 60,
        "scoreSpace": 50,
        "scoreAmenity": 30,
        "scoreFreshness": 50,
        "score": 58
      }
    },
    {
      "type": "Feature",
      "geometry": {
        "type": "Point",
        "coordinates": [
          116.441699,
          40.071372
        ]
      },
      "properties": {
        "id": "cafe-222064-116442-40071",
        "name": "库迪咖啡(天通苑店)",
        "address": "天通东苑三区36号楼(天通苑东地铁站A口步行190米)",
        "district": "昌平区",
        "lng": 116.441699,
        "lat": 40.071372,
        "phone": "15501036499",
        "rating": 4.3,
        "avgPrice": 13,
        "photos": [
          "https://store.is.autonavi.com/showpic/7b0db620ddccbe9ff42ce59100617216?operate=original?operate=original?operate=original?operate=original",
          "https://aos-comment.amap.com/B0L2TC3WHN/comment/2025-10-03-09-47-45%2BFB1933C1-D0CD-41D6-8A75-09C121F2855_1759456069307_76427589.jpg",
          "https://store.is.autonavi.com/showpic/a642ebbf6d789ae50c4882b4a8c106b9"
        ],
        "tags": [
          "餐饮服务;咖啡厅;咖啡厅"
        ],
        "dataSource": "unknown",
        "lastUpdated": "2026-10-09",
        "nearbyCafes500m": 0,
        "nearbyCafes1km": 3,
        "nearbyCafes2km": 8,
        "scoreAccessibility": 50,
        "scoreRarity": 78,
        "scorePopularity": 86,
        "scoreBrand": 60,
        "scoreSpace": 50,
        "scoreAmenity": 30,
        "scoreFreshness": 50,
        "score": 58
      }
    },
    {
      "type": "Feature",
      "geometry": {
        "type": "Point",
        "coordinates": [
          116.418298,
          40.10452
        ]
      },
      "properties": {
        "id": "cafe-265012-116418-40105",
        "name": "一间咖啡(名佳花园三区店)",
        "address": "名佳花园3区2号楼111室",
        "district": "昌平区",
        "lng": 116.418298,
        "lat": 40.10452,
        "phone": "13648502690;18785110106",
        "rating": 4.1,
        "avgPrice": 42,
        "photos": [
          "http://store.is.autonavi.com/showpic/dc1804d241ab85f1d52cd6b3c9df4e5c",
          "https://store.is.autonavi.com/showpic/a2f012dc4f625a1fa0bbd047dd3e5e48",
          "https://store.is.autonavi.com/showpic/b1d1ce3061d880fb75d2b0e10e8db199"
        ],
        "tags": [
          "餐饮服务;咖啡厅;咖啡厅"
        ],
        "dataSource": "unknown",
        "lastUpdated": "2026-10-09",
        "nearbyCafes500m": 0,
        "nearbyCafes1km": 3,
        "nearbyCafes2km": 5,
        "scoreAccessibility": 50,
        "scoreRarity": 78,
        "scorePopularity": 82,
        "scoreBrand": 60,
        "scoreSpace": 50,
        "scoreAmenity": 30,
        "scoreFreshness": 50,
        "score": 58
      }
    },
    {
      "type": "Feature",
      "geometry": {
        "type": "Point",
        "coordinates": [
          116.271429,
          40.033128
        ]
      },
      "properties": {
        "id": "cafe-97485-116271-40033",
        "name": "瑞幸咖啡",
        "brand": "瑞幸",
        "brandCategory": "chain",
        "address": "兴隆庄乙1号润千秋佳苑(马连洼地铁站A西北口步行60米)",
        "district": "海淀区",
        "lng": 116.271429,
        "lat": 40.033128,
        "phone": "4000100100",
        "rating": 4.3,
        "avgPrice": 13,
        "photos": [
          "https://store.is.autonavi.com/showpic/c287706810a95e84ab635a931ccf264d?operate=original",
          "https://aos-comment.amap.com/B0LGL53MMM/comment/content_media_external_file_100009490_1757032608003_12718457.jpg",
          "https://aos-comment.amap.com/B0LGL53MMM/comment/content_media_external_file_100009489_1757032608003_51217483.jpg"
        ],
        "tags": [
          "餐饮服务;休闲餐饮场所;休闲餐饮场所"
        ],
        "dataSource": "unknown",
        "lastUpdated": "2026-10-09",
        "nearbyCafes500m": 1,
        "nearbyCafes1km": 3,
        "nearbyCafes2km": 17,
        "scoreAccessibility": 50,
        "scoreRarity": 78,
        "scorePopularity": 86,
        "scoreBrand": 60,
        "scoreSpace": 50,
        "scoreAmenity": 30,
        "scoreFreshness": 50,
        "score": 58
      }
    },
    {
      "type": "Feature",
      "geometry": {
        "type": "Point",
        "coordinates": [
          116.271485,
          40.032649
        ]
      },
      "properties": {
        "id": "cafe-325036-116271-40033",
        "name": "库迪咖啡(马连洼地铁站店)",
        "address": "北京城区兴隆庄乙1号润千秋佳苑甲10号楼底商",
        "district": "海淀区",
        "lng": 116.271485,
        "lat": 40.032649,
        "phone": "19261059297",
        "rating": 4.1,
        "avgPrice": 9,
        "photos": [
          "https://store.is.autonavi.com/showpic/7b0db620ddccbe9ff42ce59100617216?operate=original?operate=original?operate=original?operate=original",
          "https://store.is.autonavi.com/showpic/9ba46fa4d38961dd0000002650940583?type=pic",
          "https://store.is.autonavi.com/showpic/a0fa6a56e378d6f92330adc625a066c1"
        ],
        "tags": [
          "餐饮服务;咖啡厅;咖啡厅"
        ],
        "dataSource": "unknown",
        "lastUpdated": "2026-10-09",
        "nearbyCafes500m": 1,
        "nearbyCafes1km": 3,
        "nearbyCafes2km": 15,
        "scoreAccessibility": 50,
        "scoreRarity": 78,
        "scorePopularity": 82,
        "scoreBrand": 60,
        "scoreSpace": 50,
        "scoreAmenity": 30,
        "scoreFreshness": 50,
        "score": 58
      }
    },
    {
      "type": "Feature",
      "geometry": {
        "type": "Point",
        "coordinates": [
          116.259218,
          40.048274
        ]
      },
      "properties": {
        "id": "cafe-372987-116259-40048",
        "name": "星巴克臻选北京西北旺万象汇店",
        "brand": "星巴克",
        "brandCategory": "chain",
        "address": "德政路16号院西北旺万象汇L1层L117(1号门附近)",
        "district": "海淀区",
        "lng": 116.259218,
        "lat": 40.048274,
        "phone": "010-82184712",
        "rating": 4.5,
        "avgPrice": 30,
        "photos": [
          "https://aos-comment.amap.com/B0KAAZCG14/comment/content_media_external_file_33012_ss__1765609833552_20211327.jpg",
          "https://aos-comment.amap.com/B0KAAZCG14/comment/20260312-680922fd769691220a291a80-Ag8byix4NDh8NSR7211XZI.jpg",
          "https://aos-comment.amap.com/B0KAAZCG14/comment/20260308-70fa06440c69ab94232cc46d-7LbuJlmUDxZ9TcID9xiZB6.jpg"
        ],
        "tags": [
          "餐饮服务;咖啡厅;星巴克咖啡"
        ],
        "dataSource": "unknown",
        "lastUpdated": "2026-10-09",
        "nearbyCafes500m": 4,
        "nearbyCafes1km": 5,
        "nearbyCafes2km": 13,
        "scoreAccessibility": 50,
        "scoreRarity": 63,
        "scorePopularity": 90,
        "scoreBrand": 70,
        "scoreSpace": 50,
        "scoreAmenity": 30,
        "scoreFreshness": 50,
        "score": 58
      }
    },
    {
      "type": "Feature",
      "geometry": {
        "type": "Point",
        "coordinates": [
          116.259363,
          40.04865
        ]
      },
      "properties": {
        "id": "cafe-191118-116259-40049",
        "name": "M Stand(西北旺万象汇店)",
        "brand": "M Stand",
        "brandCategory": "chain",
        "address": "德政路16号院西北旺万象汇9幢-1层B1101(麦当劳隔壁)",
        "district": "海淀区",
        "lng": 116.259363,
        "lat": 40.04865,
        "phone": "16628715361",
        "rating": 4.2,
        "avgPrice": 35,
        "photos": [
          "http://store.is.autonavi.com/query_pic?id=stb6b82a8d-61ac-47d1-a418-17128adfa160&user=search&operate=original",
          "https://aos-comment.amap.com/B0KAAZCVL5/comment/5DA3C7A5_572F_4BB3_9CD6_C4676FC1DF1D_L0_001_1500_2000_1736042634061_13748811.jpg",
          "https://aos-comment.amap.com/B0KAAZCVL5/comment/EAD81470_59B3_41DC_BCFA_540CAC2B0CB5_L0_001_1500_200_1763219804841_28301041.jpg"
        ],
        "tags": [
          "餐饮服务;咖啡厅;咖啡厅|购物服务;购物相关场所;购物相关场所"
        ],
        "dataSource": "unknown",
        "lastUpdated": "2026-10-09",
        "nearbyCafes500m": 4,
        "nearbyCafes1km": 5,
        "nearbyCafes2km": 12,
        "scoreAccessibility": 50,
        "scoreRarity": 63,
        "scorePopularity": 84,
        "scoreBrand": 78,
        "scoreSpace": 50,
        "scoreAmenity": 30,
        "scoreFreshness": 50,
        "score": 58
      }
    },
    {
      "type": "Feature",
      "geometry": {
        "type": "Point",
        "coordinates": [
          116.245642,
          40.050425
        ]
      },
      "properties": {
        "id": "cafe-309820-116246-40050",
        "name": "库迪咖啡(西北旺锦绣汇店)",
        "address": "北京城区北京城区亮甲店东路9号院一号楼西北旺锦绣汇一层101",
        "district": "海淀区",
        "lng": 116.245642,
        "lat": 40.050425,
        "phone": "13520660396",
        "rating": 4.1,
        "avgPrice": 9,
        "photos": [
          "https://store.is.autonavi.com/showpic/504949efc8e07cd20000002451824059?type=pic",
          "https://store.is.autonavi.com/showpic/1882e2bf649b12820000002241038376?type=pic",
          "https://store.is.autonavi.com/showpic/c0b36760096758dc0000000719458159?type=pic"
        ],
        "tags": [
          "餐饮服务;咖啡厅;咖啡厅"
        ],
        "dataSource": "unknown",
        "lastUpdated": "2026-10-09",
        "nearbyCafes500m": 1,
        "nearbyCafes1km": 2,
        "nearbyCafes2km": 7,
        "scoreAccessibility": 50,
        "scoreRarity": 80,
        "scorePopularity": 82,
        "scoreBrand": 60,
        "scoreSpace": 50,
        "scoreAmenity": 30,
        "scoreFreshness": 50,
        "score": 58
      }
    },
    {
      "type": "Feature",
      "geometry": {
        "type": "Point",
        "coordinates": [
          116.245502,
          40.050849
        ]
      },
      "properties": {
        "id": "cafe-456490-116246-40051",
        "name": "瑞幸咖啡(西北旺西山锦绣府锦绣汇店)",
        "brand": "瑞幸",
        "brandCategory": "chain",
        "address": "亮甲店东路9号院海淀区西北旺锦绣汇C座F1层",
        "district": "海淀区",
        "lng": 116.245502,
        "lat": 40.050849,
        "phone": [],
        "rating": 4.1,
        "avgPrice": 15,
        "photos": [
          "https://store.is.autonavi.com/showpic/c287706810a95e84ab635a931ccf264d?operate=original",
          "https://store.is.autonavi.com/showpic/9edf6f1a787b57810000002472008747?type=pic",
          "https://store.is.autonavi.com/showpic/7502a035315c7f720000002233220831?type=pic"
        ],
        "tags": [
          "餐饮服务;咖啡厅;咖啡厅"
        ],
        "dataSource": "unknown",
        "lastUpdated": "2026-10-09",
        "nearbyCafes500m": 1,
        "nearbyCafes1km": 2,
        "nearbyCafes2km": 7,
        "scoreAccessibility": 50,
        "scoreRarity": 80,
        "scorePopularity": 82,
        "scoreBrand": 60,
        "scoreSpace": 50,
        "scoreAmenity": 30,
        "scoreFreshness": 50,
        "score": 58
      }
    },
    {
      "type": "Feature",
      "geometry": {
        "type": "Point",
        "coordinates": [
          116.276424,
          40.041639
        ]
      },
      "properties": {
        "id": "cafe-114517-116276-40042",
        "name": "星巴克咖啡",
        "brand": "星巴克",
        "brandCategory": "chain",
        "address": "北京城区西北旺东路10号院新浪大厦F1层",
        "district": "海淀区",
        "lng": 116.276424,
        "lat": 40.041639,
        "phone": "010-82184721",
        "rating": 4.1,
        "avgPrice": 30,
        "photos": [
          "https://aos-comment.amap.com/B0K01OJ2Z4/comment/78AEC2B5_51B5_4C6F_9AA0_BDCF8BBE6E27_L0_001_1500_200_1766637510294_03976188.jpg",
          "https://aos-comment.amap.com/B0K01OJ2Z4/comment/9FA40EE7_2F2C_437D_9623_BCC052CC6D7E_L0_001_1500_200_1766637510295_62136207.jpg",
          "https://aos-comment.amap.com/B0K01OJ2Z4/comment/5B3AB40A_1868_49B6_A7A5_9C9039F2C940_L0_001_1500_200_1766637510295_83956778.jpg"
        ],
        "tags": [
          "餐饮服务;咖啡厅;星巴克咖啡"
        ],
        "dataSource": "unknown",
        "lastUpdated": "2026-10-09",
        "nearbyCafes500m": 1,
        "nearbyCafes1km": 4,
        "nearbyCafes2km": 13,
        "scoreAccessibility": 50,
        "scoreRarity": 75,
        "scorePopularity": 82,
        "scoreBrand": 70,
        "scoreSpace": 50,
        "scoreAmenity": 30,
        "scoreFreshness": 50,
        "score": 58
      }
    },
    {
      "type": "Feature",
      "geometry": {
        "type": "Point",
        "coordinates": [
          116.270175,
          40.010675
        ]
      },
      "properties": {
        "id": "cafe-309243-116270-40011",
        "name": "清河之源公园之源小憩咖啡厅",
        "address": "龙背村路与小清河路交叉口南200米",
        "district": "海淀区",
        "lng": 116.270175,
        "lat": 40.010675,
        "phone": "17310583925",
        "rating": 4.4,
        "avgPrice": 29,
        "photos": [
          "https://store.is.autonavi.com/showpic/171b3742ad4ae433b19001563d00df50",
          "https://store.is.autonavi.com/showpic/95ddfe72224e71e2d2a4ff47057dafa6",
          "https://store.is.autonavi.com/showpic/9cbd4b1a1d6230ffe0ded98f57aa1416"
        ],
        "tags": [
          "餐饮服务;咖啡厅;咖啡厅"
        ],
        "dataSource": "unknown",
        "lastUpdated": "2026-10-09",
        "nearbyCafes500m": 0,
        "nearbyCafes1km": 5,
        "nearbyCafes2km": 7,
        "scoreAccessibility": 50,
        "scoreRarity": 73,
        "scorePopularity": 88,
        "scoreBrand": 60,
        "scoreSpace": 50,
        "scoreAmenity": 30,
        "scoreFreshness": 50,
        "score": 58
      }
    },
    {
      "type": "Feature",
      "geometry": {
        "type": "Point",
        "coordinates": [
          116.191846,
          39.900493
        ]
      },
      "properties": {
        "id": "cafe-408347-116192-39900",
        "name": "Pull-Tab拉环咖啡(北京市石景山区翔鹰大厦店)",
        "address": "北京城区古城南里东街33号院翔鹰大厦1层101室",
        "district": "石景山区",
        "lng": 116.191846,
        "lat": 39.900493,
        "phone": "18500314183",
        "rating": 4.5,
        "avgPrice": 20,
        "photos": [
          "https://aos-comment.amap.com/B0LG5U0PKA/comment/4F388EC7_B291_4913_A706_404EC3292121_L0_001_1500_200_1744784118483_20939489.jpg",
          "https://aos-comment.amap.com/B0LG5U0PKA/comment/317EF88D_2369_4731_96F5_A64C5C7F0560_L0_001_2000_150_1744784120273_15631486.jpg",
          "https://aos-comment.amap.com/B0LG5U0PKA/comment/content_media_external_file_14634_ss__1759218987813_75652168.jpg"
        ],
        "tags": [
          "餐饮服务;咖啡厅;咖啡厅"
        ],
        "dataSource": "unknown",
        "lastUpdated": "2026-10-09",
        "nearbyCafes500m": 1,
        "nearbyCafes1km": 6,
        "nearbyCafes2km": 20,
        "scoreAccessibility": 50,
        "scoreRarity": 70,
        "scorePopularity": 90,
        "scoreBrand": 60,
        "scoreSpace": 50,
        "scoreAmenity": 30,
        "scoreFreshness": 50,
        "score": 58
      }
    },
    {
      "type": "Feature",
      "geometry": {
        "type": "Point",
        "coordinates": [
          116.20583,
          39.919254
        ]
      },
      "properties": {
        "id": "cafe-346586-116206-39919",
        "name": "瑞幸咖啡(北京大学首钢医院店)",
        "brand": "瑞幸",
        "brandCategory": "chain",
        "address": "八角街道时代花园南路17号茂华大厦一层大堂",
        "district": "石景山区",
        "lng": 116.20583,
        "lat": 39.919254,
        "phone": "4000100100",
        "rating": 4.1,
        "avgPrice": 13,
        "photos": [
          "https://store.is.autonavi.com/showpic/c287706810a95e84ab635a931ccf264d?operate=original",
          "http://store.is.autonavi.com/showpic/6ec68f7c45a4c2103db707b2e3fb199c",
          "http://store.is.autonavi.com/showpic/991733f6af45b765155d845b121406c1"
        ],
        "tags": [
          "餐饮服务;咖啡厅;咖啡厅"
        ],
        "dataSource": "unknown",
        "lastUpdated": "2026-10-09",
        "nearbyCafes500m": 0,
        "nearbyCafes1km": 1,
        "nearbyCafes2km": 10,
        "scoreAccessibility": 50,
        "scoreRarity": 83,
        "scorePopularity": 82,
        "scoreBrand": 60,
        "scoreSpace": 50,
        "scoreAmenity": 30,
        "scoreFreshness": 50,
        "score": 58
      }
    },
    {
      "type": "Feature",
      "geometry": {
        "type": "Point",
        "coordinates": [
          116.557462,
          39.95134
        ]
      },
      "properties": {
        "id": "cafe-259091-116557-39951",
        "name": "库迪咖啡(朝新华莱士店)",
        "address": "朝新嘉园东里五区18号楼1层1号",
        "district": "朝阳区",
        "lng": 116.557462,
        "lat": 39.95134,
        "phone": "17301328917",
        "rating": 4.1,
        "avgPrice": 9,
        "photos": [
          "https://store.is.autonavi.com/showpic/7b0db620ddccbe9ff42ce59100617216?operate=original?operate=original?operate=original?operate=original",
          "https://store.is.autonavi.com/showpic/97c1377930f4b34d2644fc63a394a4e5",
          "https://store.is.autonavi.com/showpic/6213533ae93e02c2fb0131a2c8f7b7bd"
        ],
        "tags": [
          "餐饮服务;咖啡厅;咖啡厅"
        ],
        "dataSource": "unknown",
        "lastUpdated": "2026-10-09",
        "nearbyCafes500m": 0,
        "nearbyCafes1km": 5,
        "nearbyCafes2km": 21,
        "scoreAccessibility": 50,
        "scoreRarity": 73,
        "scorePopularity": 82,
        "scoreBrand": 60,
        "scoreSpace": 50,
        "scoreAmenity": 30,
        "scoreFreshness": 50,
        "score": 57
      }
    },
    {
      "type": "Feature",
      "geometry": {
        "type": "Point",
        "coordinates": [
          116.428755,
          40.078854
        ]
      },
      "properties": {
        "id": "cafe-284618-116429-40079",
        "name": "库迪咖啡(天通苑北三区店)",
        "address": "天通苑北三区1号楼绿保广场底商",
        "district": "昌平区",
        "lng": 116.428755,
        "lat": 40.078854,
        "phone": "15010272521",
        "rating": 4.2,
        "avgPrice": 9,
        "photos": [
          "https://store.is.autonavi.com/showpic/7b0db620ddccbe9ff42ce59100617216?operate=original?operate=original?operate=original?operate=original",
          "https://store.is.autonavi.com/showpic/ad8190e0b7084fcd0000002651484671?type=pic",
          "https://store.is.autonavi.com/showpic/c6e716226ace57faddc30b5d5b575a0e"
        ],
        "tags": [
          "餐饮服务;咖啡厅;咖啡厅"
        ],
        "dataSource": "unknown",
        "lastUpdated": "2026-10-09",
        "nearbyCafes500m": 1,
        "nearbyCafes1km": 4,
        "nearbyCafes2km": 20,
        "scoreAccessibility": 50,
        "scoreRarity": 75,
        "scorePopularity": 84,
        "scoreBrand": 60,
        "scoreSpace": 50,
        "scoreAmenity": 30,
        "scoreFreshness": 50,
        "score": 57
      }
    },
    {
      "type": "Feature",
      "geometry": {
        "type": "Point",
        "coordinates": [
          116.440483,
          40.083899
        ]
      },
      "properties": {
        "id": "cafe-156116-116440-40084",
        "name": "幸运咖(燕丹店)",
        "address": "北京城区燕丹村53-2",
        "district": "昌平区",
        "lng": 116.440483,
        "lat": 40.083899,
        "phone": "18310105565",
        "rating": 3.7,
        "avgPrice": 10,
        "photos": [
          "https://store.is.autonavi.com/showpic/b730cf0d926c4dea0000005679358271?type=pic",
          "https://store.is.autonavi.com/showpic/6273ec52ff7170d50000004645430936?type=pic",
          "https://store.is.autonavi.com/showpic/45037b77ef6533cc0000004645488281?type=pic"
        ],
        "tags": [
          "餐饮服务;咖啡厅;咖啡厅"
        ],
        "dataSource": "unknown",
        "lastUpdated": "2026-10-09",
        "nearbyCafes500m": 1,
        "nearbyCafes1km": 1,
        "nearbyCafes2km": 7,
        "scoreAccessibility": 50,
        "scoreRarity": 83,
        "scorePopularity": 74,
        "scoreBrand": 60,
        "scoreSpace": 50,
        "scoreAmenity": 30,
        "scoreFreshness": 50,
        "score": 57
      }
    },
    {
      "type": "Feature",
      "geometry": {
        "type": "Point",
        "coordinates": [
          116.428789,
          40.07695
        ]
      },
      "properties": {
        "id": "cafe-277539-116429-40077",
        "name": "瑞幸咖啡(天通苑北三区店)",
        "brand": "瑞幸",
        "brandCategory": "chain",
        "address": "天通苑北三区西门旁(太平庄地铁站A2口步行370米)",
        "district": "昌平区",
        "lng": 116.428789,
        "lat": 40.07695,
        "phone": [],
        "rating": 3.9,
        "avgPrice": 19,
        "photos": [
          "https://store.is.autonavi.com/showpic/5f7f4ed0b2c08a0abeb81f26c189ee61",
          "https://store.is.autonavi.com/showpic/d2be652b3ca92b950000003073190618?type=pic",
          "https://store.is.autonavi.com/showpic/fa8c9a47e1c356fb0000003073192448?type=pic"
        ],
        "tags": [
          "餐饮服务;咖啡厅;咖啡厅"
        ],
        "dataSource": "unknown",
        "lastUpdated": "2026-10-09",
        "nearbyCafes500m": 1,
        "nearbyCafes1km": 4,
        "nearbyCafes2km": 20,
        "scoreAccessibility": 50,
        "scoreRarity": 75,
        "scorePopularity": 78,
        "scoreBrand": 60,
        "scoreSpace": 50,
        "scoreAmenity": 30,
        "scoreFreshness": 50,
        "score": 57
      }
    },
    {
      "type": "Feature",
      "geometry": {
        "type": "Point",
        "coordinates": [
          116.274396,
          40.046462
        ]
      },
      "properties": {
        "id": "cafe-144532-116274-40046",
        "name": "COSTA COFFEE(联想总部店)",
        "address": "西北旺东路十号院联想大厦F1层",
        "district": "海淀区",
        "lng": 116.274396,
        "lat": 40.046462,
        "phone": "010-58869586",
        "rating": 4.6,
        "avgPrice": 38,
        "photos": [
          "http://store.is.autonavi.com/showpic/a7536d8c6a0224faa00a8d6c4ef877c6",
          "https://store.is.autonavi.com/showpic/b2aa58eae9bd1e740000003290840537?type=pic",
          "http://store.is.autonavi.com/showpic/1419225ed1d6e0971fb9e9b13ff4473c"
        ],
        "tags": [
          "餐饮服务;餐饮相关场所;餐饮相关"
        ],
        "dataSource": "unknown",
        "lastUpdated": "2026-10-09",
        "nearbyCafes500m": 2,
        "nearbyCafes1km": 4,
        "nearbyCafes2km": 13,
        "scoreAccessibility": 50,
        "scoreRarity": 65,
        "scorePopularity": 92,
        "scoreBrand": 60,
        "scoreSpace": 50,
        "scoreAmenity": 30,
        "scoreFreshness": 50,
        "score": 57
      }
    },
    {
      "type": "Feature",
      "geometry": {
        "type": "Point",
        "coordinates": [
          116.278825,
          40.027821
        ]
      },
      "properties": {
        "id": "cafe-168234-116279-40028",
        "name": "1905咖啡(农大西区店)",
        "address": "圆明园西路2号中国农业大学西校区颐园4层",
        "district": "海淀区",
        "lng": 116.278825,
        "lat": 40.027821,
        "phone": "010-62898318",
        "rating": 4.1,
        "avgPrice": 48,
        "photos": [
          "https://aos-comment.amap.com/B0FFGDN94O/comment/e4b38c61f1f2b8f4c456fc1a979d4388_2048_2048_80.jpg",
          "http://store.is.autonavi.com/showpic/19c5da1672f6ae4ee5b07f12faa84cff",
          "https://aos-comment.amap.com/B0FFGDN94O/comment/ee922fbf1a952d95e9c8e96dfbec8d4e_2048_2048_80.jpg"
        ],
        "tags": [
          "餐饮服务;咖啡厅;咖啡厅"
        ],
        "dataSource": "unknown",
        "lastUpdated": "2026-10-09",
        "nearbyCafes500m": 1,
        "nearbyCafes1km": 4,
        "nearbyCafes2km": 12,
        "scoreAccessibility": 50,
        "scoreRarity": 75,
        "scorePopularity": 82,
        "scoreBrand": 60,
        "scoreSpace": 50,
        "scoreAmenity": 30,
        "scoreFreshness": 50,
        "score": 57
      }
    },
    {
      "type": "Feature",
      "geometry": {
        "type": "Point",
        "coordinates": [
          116.27986,
          40.048171
        ]
      },
      "properties": {
        "id": "cafe-400890-116280-40048",
        "name": "瑞幸咖啡(中关村软件园互联网创新店)",
        "brand": "瑞幸",
        "brandCategory": "chain",
        "address": "西北旺东路10院",
        "district": "海淀区",
        "lng": 116.27986,
        "lat": 40.048171,
        "phone": "4000100100",
        "rating": 4,
        "avgPrice": 13,
        "photos": [],
        "tags": [
          "餐饮服务;咖啡厅;咖啡厅"
        ],
        "dataSource": "unknown",
        "lastUpdated": "2026-10-09",
        "nearbyCafes500m": 0,
        "nearbyCafes1km": 4,
        "nearbyCafes2km": 11,
        "scoreAccessibility": 50,
        "scoreRarity": 75,
        "scorePopularity": 80,
        "scoreBrand": 60,
        "scoreSpace": 50,
        "scoreAmenity": 30,
        "scoreFreshness": 50,
        "score": 57
      }
    },
    {
      "type": "Feature",
      "geometry": {
        "type": "Point",
        "coordinates": [
          116.191815,
          39.918111
        ]
      },
      "properties": {
        "id": "cafe-275557-116192-39918",
        "name": "瑞幸咖啡(古城东街临街店)",
        "brand": "瑞幸",
        "brandCategory": "chain",
        "address": "八角北路与古城东街交叉口西北40米",
        "district": "石景山区",
        "lng": 116.191815,
        "lat": 39.918111,
        "phone": "4000100100",
        "rating": 4.1,
        "avgPrice": 13,
        "photos": [
          "https://store.is.autonavi.com/showpic/c287706810a95e84ab635a931ccf264d?operate=original",
          "https://store.is.autonavi.com/showpic/4933b9d110ab6679b566bbbde5303216",
          "https://store.is.autonavi.com/showpic/755a9f1a9ed5e0d80000005833172015?type=pic"
        ],
        "tags": [
          "餐饮服务;休闲餐饮场所;休闲餐饮场所"
        ],
        "dataSource": "unknown",
        "lastUpdated": "2026-10-09",
        "nearbyCafes500m": 0,
        "nearbyCafes1km": 5,
        "nearbyCafes2km": 23,
        "scoreAccessibility": 50,
        "scoreRarity": 73,
        "scorePopularity": 82,
        "scoreBrand": 60,
        "scoreSpace": 50,
        "scoreAmenity": 30,
        "scoreFreshness": 50,
        "score": 57
      }
    },
    {
      "type": "Feature",
      "geometry": {
        "type": "Point",
        "coordinates": [
          116.177348,
          39.908813
        ]
      },
      "properties": {
        "id": "cafe-309581-116177-39909",
        "name": "星巴克(北京石景山中海大厦店)",
        "brand": "星巴克",
        "brandCategory": "chain",
        "address": "古城街道中海大厦C座一层",
        "district": "石景山区",
        "lng": 116.177348,
        "lat": 39.908813,
        "phone": "010-82184780",
        "rating": 4.4,
        "avgPrice": 30,
        "photos": [
          "http://store.is.autonavi.com/showpic/055f5af8e2768d47045c10de6b3c7a07",
          "https://aos-comment.amap.com/B0IDPRQIBQ/comment/F6553625_4D58_4C04_B325_B297550C938E_L0_001_1500_200_1773547370252_37546186.jpg",
          "https://aos-comment.amap.com/B0IDPRQIBQ/comment/21eb81bdf8da8e89e83963d88ffac7f7_2048_2048_80.jpg"
        ],
        "tags": [
          "餐饮服务;咖啡厅;星巴克咖啡"
        ],
        "dataSource": "unknown",
        "lastUpdated": "2026-10-09",
        "nearbyCafes500m": 1,
        "nearbyCafes1km": 10,
        "nearbyCafes2km": 19,
        "scoreAccessibility": 50,
        "scoreRarity": 60,
        "scorePopularity": 88,
        "scoreBrand": 70,
        "scoreSpace": 50,
        "scoreAmenity": 30,
        "scoreFreshness": 50,
        "score": 57
      }
    },
    {
      "type": "Feature",
      "geometry": {
        "type": "Point",
        "coordinates": [
          116.201489,
          39.908073
        ]
      },
      "properties": {
        "id": "cafe-223994-116201-39908",
        "name": "luckin coffee 瑞幸咖啡(盛景大厦店)",
        "brand": "瑞幸",
        "brandCategory": "chain",
        "address": "北京城区石景山路31号盛景大厦F1层",
        "district": "石景山区",
        "lng": 116.201489,
        "lat": 39.908073,
        "phone": "4000100100",
        "rating": 4.1,
        "avgPrice": 13,
        "photos": [
          "https://store.is.autonavi.com/showpic/c287706810a95e84ab635a931ccf264d?operate=original",
          "https://aos-comment.amap.com/B0KARO9Z9V/comment/20260203-dc8b4828921f03982b03a434-4Z8KKtNRPp293bF1sSPMsp.jpg",
          "https://store.is.autonavi.com/showpic/f38d16eebd3b64080000005025944236?type=pic"
        ],
        "tags": [
          "餐饮服务;咖啡厅;咖啡厅"
        ],
        "dataSource": "unknown",
        "lastUpdated": "2026-10-09",
        "nearbyCafes500m": 1,
        "nearbyCafes1km": 4,
        "nearbyCafes2km": 20,
        "scoreAccessibility": 50,
        "scoreRarity": 75,
        "scorePopularity": 82,
        "scoreBrand": 60,
        "scoreSpace": 50,
        "scoreAmenity": 30,
        "scoreFreshness": 50,
        "score": 57
      }
    },
    {
      "type": "Feature",
      "geometry": {
        "type": "Point",
        "coordinates": [
          116.178032,
          39.914476
        ]
      },
      "properties": {
        "id": "cafe-238595-116178-39914",
        "name": "luckin coffee 瑞幸咖啡(古城西路店)",
        "brand": "瑞幸",
        "brandCategory": "chain",
        "address": "古城现代嘉园西区北门旁",
        "district": "石景山区",
        "lng": 116.178032,
        "lat": 39.914476,
        "phone": "4000100100",
        "rating": 4.2,
        "avgPrice": 13,
        "photos": [
          "https://store.is.autonavi.com/showpic/c287706810a95e84ab635a931ccf264d?operate=original",
          "https://store.is.autonavi.com/showpic/c09b4862419a79200000007142078441?type=pic",
          "https://store.is.autonavi.com/showpic/8cab6a344c611e1c0000007142060605?type=pic"
        ],
        "tags": [
          "餐饮服务;休闲餐饮场所;休闲餐饮场所"
        ],
        "dataSource": "unknown",
        "lastUpdated": "2026-10-09",
        "nearbyCafes500m": 0,
        "nearbyCafes1km": 5,
        "nearbyCafes2km": 20,
        "scoreAccessibility": 50,
        "scoreRarity": 73,
        "scorePopularity": 84,
        "scoreBrand": 60,
        "scoreSpace": 50,
        "scoreAmenity": 30,
        "scoreFreshness": 50,
        "score": 57
      }
    },
    {
      "type": "Feature",
      "geometry": {
        "type": "Point",
        "coordinates": [
          116.548942,
          39.962059
        ]
      },
      "properties": {
        "id": "cafe-212587-116549-39962",
        "name": "Manner Coffee(北京东坝万达广场店)",
        "brand": "Manner",
        "brandCategory": "chain",
        "address": "东坝南二街与东坝中路交汇处万达广场(北京东坝店)1F层1060B",
        "district": "朝阳区",
        "lng": 116.548942,
        "lat": 39.962059,
        "phone": "13003183495",
        "rating": 4.1,
        "avgPrice": 24,
        "photos": [
          "https://store.is.autonavi.com/showpic/4f7055e274eea9a60000006443390957?type=pic",
          "https://aos-comment.amap.com/B0J2S6GZUK/comment/content_media_external_file_1212_1769017149107_52777971.jpg",
          "https://aos-comment.amap.com/B0J2S6GZUK/comment/content_media_external_file_1213_1769017149106_06473342.jpg"
        ],
        "tags": [
          "餐饮服务;咖啡厅;咖啡厅"
        ],
        "dataSource": "unknown",
        "lastUpdated": "2026-10-09",
        "nearbyCafes500m": 8,
        "nearbyCafes1km": 8,
        "nearbyCafes2km": 22,
        "scoreAccessibility": 50,
        "scoreRarity": 55,
        "scorePopularity": 82,
        "scoreBrand": 75,
        "scoreSpace": 50,
        "scoreAmenity": 30,
        "scoreFreshness": 50,
        "score": 56
      }
    },
    {
      "type": "Feature",
      "geometry": {
        "type": "Point",
        "coordinates": [
          116.548117,
          39.961511
        ]
      },
      "properties": {
        "id": "cafe-211977-116548-39962",
        "name": "M Stand(北京东坝万达广场店)",
        "brand": "M Stand",
        "brandCategory": "chain",
        "address": "东坝南二街与东坝中路交汇处万达广场(北京东坝店)1F层1036(2号门附近)",
        "district": "朝阳区",
        "lng": 116.548117,
        "lat": 39.961511,
        "phone": "13052241706",
        "rating": 4.3,
        "avgPrice": 40,
        "photos": [
          "https://aos-comment.amap.com/B0J2S6FI53/comment/content_media_external_file_1212_1769016639562_69462464.jpg",
          "https://store.is.autonavi.com/showpic/4ad3515dbb2b16a10000002318130558?type=pic",
          "https://aos-comment.amap.com/B0J2S6FI53/comment/content_media_external_file_1211_1769016639562_04297346.jpg"
        ],
        "tags": [
          "餐饮服务;咖啡厅;咖啡厅"
        ],
        "dataSource": "unknown",
        "lastUpdated": "2026-10-09",
        "nearbyCafes500m": 6,
        "nearbyCafes1km": 9,
        "nearbyCafes2km": 23,
        "scoreAccessibility": 50,
        "scoreRarity": 53,
        "scorePopularity": 86,
        "scoreBrand": 78,
        "scoreSpace": 50,
        "scoreAmenity": 30,
        "scoreFreshness": 50,
        "score": 56
      }
    },
    {
      "type": "Feature",
      "geometry": {
        "type": "Point",
        "coordinates": [
          116.54771,
          39.951408
        ]
      },
      "properties": {
        "id": "cafe-215276-116548-39951",
        "name": "星巴克(金隅嘉品Mall店)",
        "brand": "星巴克",
        "brandCategory": "chain",
        "address": "北京城区东坝中路38号金隅嘉品1层(东坝南地铁站C1口旁)",
        "district": "朝阳区",
        "lng": 116.54771,
        "lat": 39.951408,
        "phone": "010-65430512",
        "rating": 4.6,
        "avgPrice": 30,
        "photos": [
          "http://store.is.autonavi.com/showpic/256a8482a5cb0d9886ee989816856809",
          "https://aos-comment.amap.com/B0FFG75CCY/comment/6225ef66f751f92ec7d963142678def5_2048_2048_80.jpg",
          "https://aos-comment.amap.com/B0FFG75CCY/comment/e98c0b97076eb9e07ec64ef36e25ebd2_2048_2048_80.jpg"
        ],
        "tags": [
          "餐饮服务;咖啡厅;星巴克咖啡"
        ],
        "dataSource": "unknown",
        "lastUpdated": "2026-10-09",
        "nearbyCafes500m": 4,
        "nearbyCafes1km": 10,
        "nearbyCafes2km": 23,
        "scoreAccessibility": 50,
        "scoreRarity": 50,
        "scorePopularity": 92,
        "scoreBrand": 70,
        "scoreSpace": 50,
        "scoreAmenity": 30,
        "scoreFreshness": 50,
        "score": 56
      }
    },
    {
      "type": "Feature",
      "geometry": {
        "type": "Point",
        "coordinates": [
          116.41575,
          40.068592
        ]
      },
      "properties": {
        "id": "cafe-172611-116416-40069",
        "name": "Manner Coffee(自安然酒店店)",
        "brand": "Manner",
        "brandCategory": "chain",
        "address": "天通苑中苑二区45号楼自安然酒店一层大堂",
        "district": "昌平区",
        "lng": 116.41575,
        "lat": 40.068592,
        "phone": [],
        "rating": 4.2,
        "avgPrice": 20,
        "photos": [
          "https://aos-comment.amap.com/B0I0RDTGDR/comment/B16CF311_7985_43D5_98A1_22EA3317F7FE_L0_001_1500_200_1758799367694_81087856.jpg",
          "https://aos-comment.amap.com/B0I0RDTGDR/comment/fb0806b8cae8a3c1f8d2562c626a48a2_2048_2048_80.jpg",
          "https://aos-comment.amap.com/B0I0RDTGDR/comment/A4F34B88_B046_4911_AF73_773324310FF1_L0_001_1500_200_1758799367695_60432703.jpg"
        ],
        "tags": [
          "餐饮服务;咖啡厅;咖啡厅"
        ],
        "dataSource": "unknown",
        "lastUpdated": "2026-10-09",
        "nearbyCafes500m": 7,
        "nearbyCafes1km": 9,
        "nearbyCafes2km": 15,
        "scoreAccessibility": 50,
        "scoreRarity": 53,
        "scorePopularity": 84,
        "scoreBrand": 75,
        "scoreSpace": 50,
        "scoreAmenity": 30,
        "scoreFreshness": 50,
        "score": 56
      }
    },
    {
      "type": "Feature",
      "geometry": {
        "type": "Point",
        "coordinates": [
          116.25874,
          40.048728
        ]
      },
      "properties": {
        "id": "cafe-199671-116259-40049",
        "name": "Grid Coffee(西北旺万象汇店)",
        "address": "马连洼街道西北旺万象汇B1-130下沉广场(茉莉奶白对面)",
        "district": "海淀区",
        "lng": 116.25874,
        "lat": 40.048728,
        "phone": "17813654674",
        "rating": 4.4,
        "avgPrice": 37,
        "photos": [
          "https://aos-comment.amap.com/B0KDTSBLNE/comment/1B6DE1CF_F878_472A_9B43_25C8716CA47B_L0_001_1500_200_1763085518963_09866421.jpg",
          "https://store.is.autonavi.com/showpic/1e5189f3449dffee817c53cfb501b6fa",
          "https://aos-comment.amap.com/B0KDTSBLNE/comment/de2e8aa714152acae4e1b9227ae9e821_2048_2048_80.jpg"
        ],
        "tags": [
          "餐饮服务;咖啡厅;咖啡厅"
        ],
        "dataSource": "unknown",
        "lastUpdated": "2026-10-09",
        "nearbyCafes500m": 5,
        "nearbyCafes1km": 5,
        "nearbyCafes2km": 12,
        "scoreAccessibility": 50,
        "scoreRarity": 63,
        "scorePopularity": 88,
        "scoreBrand": 60,
        "scoreSpace": 50,
        "scoreAmenity": 30,
        "scoreFreshness": 50,
        "score": 56
      }
    },
    {
      "type": "Feature",
      "geometry": {
        "type": "Point",
        "coordinates": [
          116.263518,
          40.018472
        ]
      },
      "properties": {
        "id": "cafe-247829-116264-40018",
        "name": "库迪咖啡(北京红山口店)",
        "address": "北京城区红山口甲3号院57号楼1层",
        "district": "海淀区",
        "lng": 116.263518,
        "lat": 40.018472,
        "phone": "15330155286",
        "rating": 3.7,
        "avgPrice": 9,
        "photos": [
          "https://store.is.autonavi.com/showpic/e67a34d0c8e793e10000002651766670?type=pic",
          "https://store.is.autonavi.com/showpic/3bfeca7e08984cef0000002651924084?type=pic",
          "https://store.is.autonavi.com/showpic/dd60a423b0c79a760000002651794635?type=pic"
        ],
        "tags": [
          "餐饮服务;咖啡厅;咖啡厅"
        ],
        "dataSource": "unknown",
        "lastUpdated": "2026-10-09",
        "nearbyCafes500m": 0,
        "nearbyCafes1km": 5,
        "nearbyCafes2km": 11,
        "scoreAccessibility": 50,
        "scoreRarity": 73,
        "scorePopularity": 74,
        "scoreBrand": 60,
        "scoreSpace": 50,
        "scoreAmenity": 30,
        "scoreFreshness": 50,
        "score": 56
      }
    },
    {
      "type": "Feature",
      "geometry": {
        "type": "Point",
        "coordinates": [
          116.271013,
          40.015149
        ]
      },
      "properties": {
        "id": "cafe-109353-116271-40015",
        "name": "COSTA COFFEE(肖家河店)",
        "address": "龙背村99号北京华联BHG Mall(肖家河店)1F层F1-33A、F1-34(东4门附近)",
        "district": "海淀区",
        "lng": 116.271013,
        "lat": 40.015149,
        "phone": "010-59012331",
        "rating": 4.6,
        "avgPrice": 36,
        "photos": [
          "http://store.is.autonavi.com/showpic/a7536d8c6a0224faa00a8d6c4ef877c6",
          "https://aos-comment.amap.com/B000AA1UL1/comment/content_media_external_images_media_1000015259_ss__1765464314137_02665281.jpg",
          "https://store.is.autonavi.com/showpic/31254445b3c0132f0000002774090430?type=pic"
        ],
        "tags": [
          "餐饮服务;咖啡厅;咖啡厅"
        ],
        "dataSource": "unknown",
        "lastUpdated": "2026-10-09",
        "nearbyCafes500m": 4,
        "nearbyCafes1km": 7,
        "nearbyCafes2km": 11,
        "scoreAccessibility": 50,
        "scoreRarity": 57,
        "scorePopularity": 92,
        "scoreBrand": 60,
        "scoreSpace": 50,
        "scoreAmenity": 30,
        "scoreFreshness": 50,
        "score": 56
      }
    },
    {
      "type": "Feature",
      "geometry": {
        "type": "Point",
        "coordinates": [
          116.191846,
          39.900493
        ]
      },
      "properties": {
        "id": "cafe-246381-116192-39900",
        "name": "库迪咖啡(翔鹰大厦店)",
        "address": "八角街道古城南街东侧1612-768地块1号楼翔鹰大厦b1-08",
        "district": "石景山区",
        "lng": 116.191846,
        "lat": 39.900493,
        "phone": "18519345758",
        "rating": 4,
        "avgPrice": 9,
        "photos": [
          "https://store.is.autonavi.com/showpic/7b0db620ddccbe9ff42ce59100617216?operate=original?operate=original?operate=original?operate=original",
          "http://store.is.autonavi.com/showpic/9f141b67ef1a449a2e094ae29f079b43",
          "https://aos-comment.amap.com/B0K307VAAV/comment/176899980004_1768999818039_49655037.jpg"
        ],
        "tags": [
          "餐饮服务;咖啡厅;咖啡厅"
        ],
        "dataSource": "unknown",
        "lastUpdated": "2026-10-09",
        "nearbyCafes500m": 1,
        "nearbyCafes1km": 6,
        "nearbyCafes2km": 20,
        "scoreAccessibility": 50,
        "scoreRarity": 70,
        "scorePopularity": 80,
        "scoreBrand": 60,
        "scoreSpace": 50,
        "scoreAmenity": 30,
        "scoreFreshness": 50,
        "score": 56
      }
    },
    {
      "type": "Feature",
      "geometry": {
        "type": "Point",
        "coordinates": [
          116.547975,
          39.966075
        ]
      },
      "properties": {
        "id": "cafe-246084-116548-39966",
        "name": "瑞幸咖啡(东坝地铁B口店)",
        "brand": "瑞幸",
        "brandCategory": "chain",
        "address": "红松园北里18号院9号1层9-3室3号",
        "district": "朝阳区",
        "lng": 116.547975,
        "lat": 39.966075,
        "phone": "4000100100",
        "rating": 4.3,
        "avgPrice": 13,
        "photos": [
          "https://store.is.autonavi.com/showpic/c287706810a95e84ab635a931ccf264d?operate=original",
          "https://store.is.autonavi.com/showpic/cb1863ef79d1ce3961e7192589ddf900",
          "https://store.is.autonavi.com/showpic/b84fa6e3d4ac24fd0000005175060340?type=pic"
        ],
        "tags": [
          "餐饮服务;休闲餐饮场所;休闲餐饮场所"
        ],
        "dataSource": "unknown",
        "lastUpdated": "2026-10-09",
        "nearbyCafes500m": 4,
        "nearbyCafes1km": 8,
        "nearbyCafes2km": 22,
        "scoreAccessibility": 50,
        "scoreRarity": 55,
        "scorePopularity": 86,
        "scoreBrand": 60,
        "scoreSpace": 50,
        "scoreAmenity": 30,
        "scoreFreshness": 50,
        "score": 55
      }
    },
    {
      "type": "Feature",
      "geometry": {
        "type": "Point",
        "coordinates": [
          116.548303,
          39.961044
        ]
      },
      "properties": {
        "id": "cafe-305995-116548-39961",
        "name": "星巴克臻选(北京东坝万达店)",
        "brand": "星巴克",
        "brandCategory": "chain",
        "address": "东坝镇东坝中路3号,东坝万达广场一层1035号",
        "district": "朝阳区",
        "lng": 116.548303,
        "lat": 39.961044,
        "phone": "010-82184838",
        "rating": 4.3,
        "avgPrice": 36,
        "photos": [
          "https://store.is.autonavi.com/showpic/d604775c940a37850000002893412878?type=pic",
          "https://store.is.autonavi.com/showpic/363f08d43e24b77a0000007291312364?type=pic",
          "https://store.is.autonavi.com/showpic/565f8a4a4cfc9d460000007291322243?type=pic"
        ],
        "tags": [
          "餐饮服务;甜品店;甜品店"
        ],
        "dataSource": "unknown",
        "lastUpdated": "2026-10-09",
        "nearbyCafes500m": 6,
        "nearbyCafes1km": 10,
        "nearbyCafes2km": 23,
        "scoreAccessibility": 50,
        "scoreRarity": 50,
        "scorePopularity": 86,
        "scoreBrand": 70,
        "scoreSpace": 50,
        "scoreAmenity": 30,
        "scoreFreshness": 50,
        "score": 55
      }
    },
    {
      "type": "Feature",
      "geometry": {
        "type": "Point",
        "coordinates": [
          116.547958,
          39.951475
        ]
      },
      "properties": {
        "id": "cafe-327901-116548-39951",
        "name": "Tims天好咖啡(东坝金隅嘉品捷枫店)",
        "brand": "Tims",
        "brandCategory": "chain",
        "address": "金隅嘉品商场外围底商,星巴克和华为手机店中间位置,靠西侧",
        "district": "朝阳区",
        "lng": 116.547958,
        "lat": 39.951475,
        "phone": [],
        "rating": 4.1,
        "avgPrice": 34,
        "photos": [
          "http://store.is.autonavi.com/query_pic?id=st1a318338-7770-4717-a3c2-d24271293e86&user=search&operate=original",
          "http://store.is.autonavi.com/showpic/00e72015b69aa094bd7afc842068e04d",
          "https://aos-comment.amap.com/B0J6PU3RGA/comment/6b18389fdc75fa599d63408f3f08aef6_2048_2048_80.jpg"
        ],
        "tags": [
          "餐饮服务;咖啡厅;咖啡厅"
        ],
        "dataSource": "unknown",
        "lastUpdated": "2026-10-09",
        "nearbyCafes500m": 4,
        "nearbyCafes1km": 10,
        "nearbyCafes2km": 23,
        "scoreAccessibility": 50,
        "scoreRarity": 50,
        "scorePopularity": 82,
        "scoreBrand": 72,
        "scoreSpace": 50,
        "scoreAmenity": 30,
        "scoreFreshness": 50,
        "score": 55
      }
    },
    {
      "type": "Feature",
      "geometry": {
        "type": "Point",
        "coordinates": [
          116.541389,
          39.9506
        ]
      },
      "properties": {
        "id": "cafe-810-116541-39951",
        "name": "tennis y",
        "address": "北京城区平房北街135号26幢1层1号",
        "district": "朝阳区",
        "lng": 116.541389,
        "lat": 39.9506,
        "phone": [],
        "rating": 4,
        "avgPrice": 31,
        "photos": [
          "https://store.is.autonavi.com/showpic/be15603dfdcb0b1335eb04f275359325",
          "https://aos-comment.amap.com/B0LU7PWRZ3/comment/content_media_external_images_media_584604_ss__1755240726492_34415074.jpg",
          "https://aos-comment.amap.com/B0LU7PWRZ3/comment/content_media_external_images_media_584586_ss__1755240726425_54641745.jpg"
        ],
        "tags": [
          "购物服务;服装鞋帽皮具店;服装鞋帽皮具店"
        ],
        "dataSource": "unknown",
        "lastUpdated": "2026-10-09",
        "nearbyCafes500m": 1,
        "nearbyCafes1km": 9,
        "nearbyCafes2km": 21,
        "scoreAccessibility": 50,
        "scoreRarity": 63,
        "scorePopularity": 80,
        "scoreBrand": 60,
        "scoreSpace": 50,
        "scoreAmenity": 30,
        "scoreFreshness": 50,
        "score": 55
      }
    },
    {
      "type": "Feature",
      "geometry": {
        "type": "Point",
        "coordinates": [
          116.435427,
          40.073194
        ]
      },
      "properties": {
        "id": "cafe-331611-116435-40073",
        "name": "瑞幸咖啡(天通苑国泰百货店)",
        "brand": "瑞幸",
        "brandCategory": "chain",
        "address": "国泰百货天通苑店一楼",
        "district": "昌平区",
        "lng": 116.435427,
        "lat": 40.073194,
        "phone": "4000100100",
        "rating": 4.2,
        "avgPrice": 13,
        "photos": [
          "https://store.is.autonavi.com/showpic/c287706810a95e84ab635a931ccf264d?operate=original",
          "http://store.is.autonavi.com/showpic/6ec68f7c45a4c2103db707b2e3fb199c",
          "http://store.is.autonavi.com/showpic/991733f6af45b765155d845b121406c1"
        ],
        "tags": [
          "餐饮服务;咖啡厅;咖啡厅"
        ],
        "dataSource": "unknown",
        "lastUpdated": "2026-10-09",
        "nearbyCafes500m": 2,
        "nearbyCafes1km": 5,
        "nearbyCafes2km": 17,
        "scoreAccessibility": 50,
        "scoreRarity": 63,
        "scorePopularity": 84,
        "scoreBrand": 60,
        "scoreSpace": 50,
        "scoreAmenity": 30,
        "scoreFreshness": 50,
        "score": 55
      }
    },
    {
      "type": "Feature",
      "geometry": {
        "type": "Point",
        "coordinates": [
          116.412336,
          40.082938
        ]
      },
      "properties": {
        "id": "cafe-359332-116412-40083",
        "name": "库迪咖啡(天通苑北交通枢纽店)",
        "address": "北京城区全季酒店内电梯上2层电梯口",
        "district": "昌平区",
        "lng": 116.412336,
        "lat": 40.082938,
        "phone": "13031099946",
        "rating": 3.5,
        "avgPrice": 9,
        "photos": [
          "https://store.is.autonavi.com/showpic/7b0db620ddccbe9ff42ce59100617216?operate=original?operate=original?operate=original?operate=original",
          "https://aos-comment.amap.com/B0LKJ728QK/comment/391b7d43-2122-467d-99bd-95a44561ff69.png",
          "https://store.is.autonavi.com/showpic/0c08d0831fb671fc0000002690644241?type=pic"
        ],
        "tags": [
          "餐饮服务;咖啡厅;咖啡厅"
        ],
        "dataSource": "unknown",
        "lastUpdated": "2026-10-09",
        "nearbyCafes500m": 0,
        "nearbyCafes1km": 4,
        "nearbyCafes2km": 14,
        "scoreAccessibility": 50,
        "scoreRarity": 75,
        "scorePopularity": 70,
        "scoreBrand": 60,
        "scoreSpace": 50,
        "scoreAmenity": 30,
        "scoreFreshness": 50,
        "score": 55
      }
    },
    {
      "type": "Feature",
      "geometry": {
        "type": "Point",
        "coordinates": [
          116.435565,
          40.073478
        ]
      },
      "properties": {
        "id": "cafe-262295-116436-40073",
        "name": "CUBIC3三立方咖啡(国泰百货店)",
        "address": "北京城区北京城区天通苑东三区2号楼1层A0119",
        "district": "昌平区",
        "lng": 116.435565,
        "lat": 40.073478,
        "phone": "13651047791",
        "rating": 4.2,
        "avgPrice": 19,
        "photos": [
          "https://aos-comment.amap.com/B0L0R77IAW/comment/B5D8CEBB_7625_4E66_8B1A_C7D82EA6664B_L0_001_1500_200_1764472614360_52741042.jpg",
          "https://aos-comment.amap.com/B0L0R77IAW/comment/E13A287E_0D7D_4256_9203_48CAE2F2E461_L0_001_1500_200_1764472614414_58928703.jpg",
          "https://aos-comment.amap.com/B0L0R77IAW/comment/0C632B1E_855E_40EA_9EC0_1C449C44D035_L0_001_1500_200_1764472614383_32942018.jpg"
        ],
        "tags": [
          "餐饮服务;咖啡厅;咖啡厅"
        ],
        "dataSource": "unknown",
        "lastUpdated": "2026-10-09",
        "nearbyCafes500m": 2,
        "nearbyCafes1km": 5,
        "nearbyCafes2km": 16,
        "scoreAccessibility": 50,
        "scoreRarity": 63,
        "scorePopularity": 84,
        "scoreBrand": 60,
        "scoreSpace": 50,
        "scoreAmenity": 30,
        "scoreFreshness": 50,
        "score": 55
      }
    },
    {
      "type": "Feature",
      "geometry": {
        "type": "Point",
        "coordinates": [
          116.432239,
          40.070547
        ]
      },
      "properties": {
        "id": "cafe-352396-116432-40071",
        "name": "悦牍轩生活馆(天通公园里店)",
        "address": "天通苑天通公园里86号楼105",
        "district": "昌平区",
        "lng": 116.432239,
        "lat": 40.070547,
        "phone": "18610080089",
        "rating": 4.2,
        "avgPrice": 40,
        "photos": [
          "http://store.is.autonavi.com/showpic/9f450acab1b9f0389ade63b711b5ae47",
          "http://store.is.autonavi.com/showpic/87d556a089e500144ca3d04cde2afca9",
          "http://store.is.autonavi.com/showpic/c404ca5cd66450204c637eae7ea294d2"
        ],
        "tags": [
          "餐饮服务;咖啡厅;咖啡厅|生活服务;生活服务场所;生活服务场所"
        ],
        "dataSource": "unknown",
        "lastUpdated": "2026-10-09",
        "nearbyCafes500m": 2,
        "nearbyCafes1km": 5,
        "nearbyCafes2km": 17,
        "scoreAccessibility": 50,
        "scoreRarity": 63,
        "scorePopularity": 84,
        "scoreBrand": 60,
        "scoreSpace": 50,
        "scoreAmenity": 30,
        "scoreFreshness": 50,
        "score": 55
      }
    },
    {
      "type": "Feature",
      "geometry": {
        "type": "Point",
        "coordinates": [
          116.414885,
          40.070461
        ]
      },
      "properties": {
        "id": "cafe-213923-116415-40070",
        "name": "COSTA COFFEE(北京华联天通苑店)",
        "address": "太平庄中一街天通中苑F区北京华联BHG Mall(天通苑店)1楼F1-03号",
        "district": "昌平区",
        "lng": 116.414885,
        "lat": 40.070461,
        "phone": "010-57859782;010-63012622",
        "rating": 4.5,
        "avgPrice": 29,
        "photos": [
          "http://store.is.autonavi.com/showpic/a7536d8c6a0224faa00a8d6c4ef877c6",
          "https://aos-comment.amap.com/B000A8X6UU/comment/2cc29c71614a232d36545cad98283a02_2048_2048_80.jpg",
          "https://aos-comment.amap.com/B000A8X6UU/comment/17fa86c9eb92154eb01c7964b42b6ef8_2048_2048_80.jpg"
        ],
        "tags": [
          "餐饮服务;咖啡厅;咖啡厅"
        ],
        "dataSource": "unknown",
        "lastUpdated": "2026-10-09",
        "nearbyCafes500m": 7,
        "nearbyCafes1km": 9,
        "nearbyCafes2km": 16,
        "scoreAccessibility": 50,
        "scoreRarity": 53,
        "scorePopularity": 90,
        "scoreBrand": 60,
        "scoreSpace": 50,
        "scoreAmenity": 30,
        "scoreFreshness": 50,
        "score": 55
      }
    },
    {
      "type": "Feature",
      "geometry": {
        "type": "Point",
        "coordinates": [
          116.259315,
          40.048498
        ]
      },
      "properties": {
        "id": "cafe-287988-116259-40048",
        "name": "瑞幸咖啡(西北旺万象汇店)",
        "brand": "瑞幸",
        "brandCategory": "chain",
        "address": "德政路16号院西北旺万象汇L2层L212(1号门进入直行10m,扶梯上到L2可见)",
        "district": "海淀区",
        "lng": 116.259315,
        "lat": 40.048498,
        "phone": "4000100100",
        "rating": 4.1,
        "avgPrice": 13,
        "photos": [
          "https://store.is.autonavi.com/showpic/c287706810a95e84ab635a931ccf264d?operate=original",
          "https://aos-comment.amap.com/B0KD39M64V/comment/b0ebf0403c12f6d79918d1cb62abf85d_2048_2048_80.jpg",
          "https://aos-comment.amap.com/B0KD39M64V/comment/970C976F_F17F_486F_ADE1_0A5860320E9F_L0_001_2000_1500_1742290491996_83488656.jpg"
        ],
        "tags": [
          "餐饮服务;咖啡厅;咖啡厅"
        ],
        "dataSource": "unknown",
        "lastUpdated": "2026-10-09",
        "nearbyCafes500m": 4,
        "nearbyCafes1km": 5,
        "nearbyCafes2km": 13,
        "scoreAccessibility": 50,
        "scoreRarity": 63,
        "scorePopularity": 82,
        "scoreBrand": 60,
        "scoreSpace": 50,
        "scoreAmenity": 30,
        "scoreFreshness": 50,
        "score": 55
      }
    },
    {
      "type": "Feature",
      "geometry": {
        "type": "Point",
        "coordinates": [
          116.271092,
          40.015326
        ]
      },
      "properties": {
        "id": "cafe-370140-116271-40015",
        "name": "瑞幸咖啡(肖家河华联购物中心店)",
        "brand": "瑞幸",
        "brandCategory": "chain",
        "address": "龙背村99号北京华联BHG Mall(肖家河店)1F层F1-35(东4门附近)",
        "district": "海淀区",
        "lng": 116.271092,
        "lat": 40.015326,
        "phone": "4000100100",
        "rating": 4.3,
        "avgPrice": 13,
        "photos": [
          "https://store.is.autonavi.com/showpic/c287706810a95e84ab635a931ccf264d?operate=original",
          "https://aos-comment.amap.com/B0J07AF3JH/comment/82dca100f38bbac8ce47beb8971fa335_2048_2048_80.jpg",
          "https://store.is.autonavi.com/showpic/686a41919ea5b6ac0000002667728642?type=pic"
        ],
        "tags": [
          "餐饮服务;咖啡厅;咖啡厅"
        ],
        "dataSource": "unknown",
        "lastUpdated": "2026-10-09",
        "nearbyCafes500m": 4,
        "nearbyCafes1km": 7,
        "nearbyCafes2km": 11,
        "scoreAccessibility": 50,
        "scoreRarity": 57,
        "scorePopularity": 86,
        "scoreBrand": 60,
        "scoreSpace": 50,
        "scoreAmenity": 30,
        "scoreFreshness": 50,
        "score": 55
      }
    },
    {
      "type": "Feature",
      "geometry": {
        "type": "Point",
        "coordinates": [
          116.273932,
          40.046219
        ]
      },
      "properties": {
        "id": "cafe-244894-116274-40046",
        "name": "肯悦咖啡(联想总部店)",
        "address": "西北旺东路13号",
        "district": "海淀区",
        "lng": 116.273932,
        "lat": 40.046219,
        "phone": [],
        "rating": 3.8,
        "avgPrice": 21,
        "photos": [
          "https://store.is.autonavi.com/showpic/f6cbb81ac7cba23e945907b137a1a32e"
        ],
        "tags": [
          "餐饮服务;咖啡厅;咖啡厅"
        ],
        "dataSource": "unknown",
        "lastUpdated": "2026-10-09",
        "nearbyCafes500m": 2,
        "nearbyCafes1km": 4,
        "nearbyCafes2km": 13,
        "scoreAccessibility": 50,
        "scoreRarity": 65,
        "scorePopularity": 76,
        "scoreBrand": 60,
        "scoreSpace": 50,
        "scoreAmenity": 30,
        "scoreFreshness": 50,
        "score": 55
      }
    },
    {
      "type": "Feature",
      "geometry": {
        "type": "Point",
        "coordinates": [
          116.4816,
          39.974352
        ]
      },
      "properties": {
        "id": "cafe-99908-116482-39974",
        "name": "FancyCoffee芳啡咖啡",
        "address": "北京城区北京城区北京城区芳园西路6号院1号",
        "district": "朝阳区",
        "lng": 116.4816,
        "lat": 39.974352,
        "phone": "17501166880",
        "rating": 4.6,
        "avgPrice": 117,
        "photos": [
          "https://aos-comment.amap.com/B0JKKN7BFU/comment/5286BB4D_9DA2_4AAB_A299_11A2698EFA86_L0_001_1512_201_1770501688060_36720847.jpg",
          "https://store.is.autonavi.com/showpic/0972a601761dc4ea9f40ec463ee49e58",
          "https://aos-comment.amap.com/B0JKKN7BFU/comment/content_media_external_file_28681_1766210108202_14075384.jpg"
        ],
        "tags": [
          "餐饮服务;咖啡厅;咖啡厅"
        ],
        "dataSource": "unknown",
        "lastUpdated": "2026-10-09",
        "nearbyCafes500m": 1,
        "nearbyCafes1km": 15,
        "nearbyCafes2km": 23,
        "scoreAccessibility": 50,
        "scoreRarity": 48,
        "scorePopularity": 92,
        "scoreBrand": 60,
        "scoreSpace": 50,
        "scoreAmenity": 30,
        "scoreFreshness": 50,
        "score": 54
      }
    },
    {
      "type": "Feature",
      "geometry": {
        "type": "Point",
        "coordinates": [
          116.548092,
          39.961474
        ]
      },
      "properties": {
        "id": "cafe-267436-116548-39961",
        "name": "瑞幸咖啡(东坝万达广场店)",
        "brand": "瑞幸",
        "brandCategory": "chain",
        "address": "东坝中路25号万达商场二层2033室",
        "district": "朝阳区",
        "lng": 116.548092,
        "lat": 39.961474,
        "phone": "4000100100",
        "rating": 4.2,
        "avgPrice": 13,
        "photos": [
          "https://store.is.autonavi.com/showpic/c287706810a95e84ab635a931ccf264d?operate=original",
          "https://aos-comment.amap.com/B0J2S6KT9R/comment/content_media_external_file_1000027490_ss__1751461163102_69253856.jpg",
          "https://store.is.autonavi.com/showpic/0961433fb03074970000002446436472?type=pic"
        ],
        "tags": [
          "餐饮服务;咖啡厅;咖啡厅"
        ],
        "dataSource": "unknown",
        "lastUpdated": "2026-10-09",
        "nearbyCafes500m": 6,
        "nearbyCafes1km": 9,
        "nearbyCafes2km": 24,
        "scoreAccessibility": 50,
        "scoreRarity": 53,
        "scorePopularity": 84,
        "scoreBrand": 60,
        "scoreSpace": 50,
        "scoreAmenity": 30,
        "scoreFreshness": 50,
        "score": 54
      }
    },
    {
      "type": "Feature",
      "geometry": {
        "type": "Point",
        "coordinates": [
          116.547742,
          39.951542
        ]
      },
      "properties": {
        "id": "cafe-153438-116548-39952",
        "name": "Grid Coffee(金隅嘉品Mall店)",
        "address": "北京城区东坝中路38号1层L131",
        "district": "朝阳区",
        "lng": 116.547742,
        "lat": 39.951542,
        "phone": "17813658190",
        "rating": 4.3,
        "avgPrice": 37,
        "photos": [
          "https://aos-comment.amap.com/B0K6J5Y4OQ/comment/content_media_external_file_54339_ss__1761181015186_11249532.jpg",
          "https://store.is.autonavi.com/showpic/8d729cd4ffaab45054430cf9bfee66b4",
          "https://store.is.autonavi.com/showpic/31336adecff02a3c0000005096758362?type=pic"
        ],
        "tags": [
          "餐饮服务;餐饮相关场所;餐饮相关"
        ],
        "dataSource": "unknown",
        "lastUpdated": "2026-10-09",
        "nearbyCafes500m": 4,
        "nearbyCafes1km": 10,
        "nearbyCafes2km": 23,
        "scoreAccessibility": 50,
        "scoreRarity": 50,
        "scorePopularity": 86,
        "scoreBrand": 60,
        "scoreSpace": 50,
        "scoreAmenity": 30,
        "scoreFreshness": 50,
        "score": 54
      }
    },
    {
      "type": "Feature",
      "geometry": {
        "type": "Point",
        "coordinates": [
          116.548631,
          39.951099
        ]
      },
      "properties": {
        "id": "cafe-273648-116549-39951",
        "name": "知知岛书店(金隅嘉品Mall店)",
        "address": "东坝中路38号金隅嘉品MALL地上一层L115",
        "district": "朝阳区",
        "lng": 116.548631,
        "lat": 39.951099,
        "phone": "13121755715",
        "rating": 4.1,
        "avgPrice": 22,
        "photos": [
          "https://store.is.autonavi.com/showpic/75aaca49b57f3aab0000003762584127?type=pic",
          "https://store.is.autonavi.com/showpic/d3119e7989fab58c0000003762586089?type=pic",
          "https://store.is.autonavi.com/showpic/68273662e3d12f960000003071124001?type=pic"
        ],
        "tags": [
          "餐饮服务;咖啡厅;咖啡厅"
        ],
        "dataSource": "unknown",
        "lastUpdated": "2026-10-09",
        "nearbyCafes500m": 4,
        "nearbyCafes1km": 9,
        "nearbyCafes2km": 22,
        "scoreAccessibility": 50,
        "scoreRarity": 53,
        "scorePopularity": 82,
        "scoreBrand": 60,
        "scoreSpace": 50,
        "scoreAmenity": 30,
        "scoreFreshness": 50,
        "score": 54
      }
    },
    {
      "type": "Feature",
      "geometry": {
        "type": "Point",
        "coordinates": [
          116.537655,
          39.954549
        ]
      },
      "properties": {
        "id": "cafe-319188-116538-39955",
        "name": "瑞幸咖啡(汇景苑第四街区店)",
        "brand": "瑞幸",
        "brandCategory": "chain",
        "address": "北京城区朝新嘉园西里三区1号楼一层102",
        "district": "朝阳区",
        "lng": 116.537655,
        "lat": 39.954549,
        "phone": "4000100100",
        "rating": 4.3,
        "avgPrice": 13,
        "photos": [
          "https://store.is.autonavi.com/showpic/c287706810a95e84ab635a931ccf264d?operate=original",
          "https://store.is.autonavi.com/showpic/8249d4c62e9cbdda0000002791112131?type=pic",
          "https://aos-comment.amap.com/B0LA2LQ5MX/comment/FF15D0B3_833B_4234_9006_3979532DA0E5_L0_001_2000_150_1760003815143_94369878.jpg"
        ],
        "tags": [
          "餐饮服务;休闲餐饮场所;休闲餐饮场所"
        ],
        "dataSource": "unknown",
        "lastUpdated": "2026-10-09",
        "nearbyCafes500m": 3,
        "nearbyCafes1km": 9,
        "nearbyCafes2km": 21,
        "scoreAccessibility": 50,
        "scoreRarity": 53,
        "scorePopularity": 86,
        "scoreBrand": 60,
        "scoreSpace": 50,
        "scoreAmenity": 30,
        "scoreFreshness": 50,
        "score": 54
      }
    },
    {
      "type": "Feature",
      "geometry": {
        "type": "Point",
        "coordinates": [
          116.414973,
          40.070247
        ]
      },
      "properties": {
        "id": "cafe-269163-116415-40070",
        "name": "瑞幸咖啡(天通苑华联店)",
        "brand": "瑞幸",
        "brandCategory": "chain",
        "address": "东三旗路28号北京华联BHG Mall(天通苑店)B1层",
        "district": "昌平区",
        "lng": 116.414973,
        "lat": 40.070247,
        "phone": "4000100100",
        "rating": 4.1,
        "avgPrice": 13,
        "photos": [
          "https://store.is.autonavi.com/showpic/c287706810a95e84ab635a931ccf264d?operate=original",
          "http://store.is.autonavi.com/showpic/6ec68f7c45a4c2103db707b2e3fb199c",
          "http://store.is.autonavi.com/showpic/991733f6af45b765155d845b121406c1"
        ],
        "tags": [
          "餐饮服务;咖啡厅;咖啡厅"
        ],
        "dataSource": "unknown",
        "lastUpdated": "2026-10-09",
        "nearbyCafes500m": 7,
        "nearbyCafes1km": 9,
        "nearbyCafes2km": 16,
        "scoreAccessibility": 50,
        "scoreRarity": 53,
        "scorePopularity": 82,
        "scoreBrand": 60,
        "scoreSpace": 50,
        "scoreAmenity": 30,
        "scoreFreshness": 50,
        "score": 54
      }
    },
    {
      "type": "Feature",
      "geometry": {
        "type": "Point",
        "coordinates": [
          116.418445,
          40.069099
        ]
      },
      "properties": {
        "id": "cafe-302758-116418-40069",
        "name": "库迪咖啡(房山原香漫谷店)",
        "address": "北京城区天通中苑二区25号楼",
        "district": "昌平区",
        "lng": 116.418445,
        "lat": 40.069099,
        "phone": "15719301385",
        "rating": 4.1,
        "avgPrice": 9,
        "photos": [
          "https://store.is.autonavi.com/showpic/7b0db620ddccbe9ff42ce59100617216?operate=original?operate=original?operate=original?operate=original",
          "https://store.is.autonavi.com/showpic/d46477f40c013dce0000002651496378?type=pic",
          "https://store.is.autonavi.com/showpic/67085c44d191bf050000002651536228?type=pic"
        ],
        "tags": [
          "餐饮服务;咖啡厅;咖啡厅"
        ],
        "dataSource": "unknown",
        "lastUpdated": "2026-10-09",
        "nearbyCafes500m": 7,
        "nearbyCafes1km": 9,
        "nearbyCafes2km": 16,
        "scoreAccessibility": 50,
        "scoreRarity": 53,
        "scorePopularity": 82,
        "scoreBrand": 60,
        "scoreSpace": 50,
        "scoreAmenity": 30,
        "scoreFreshness": 50,
        "score": 54
      }
    },
    {
      "type": "Feature",
      "geometry": {
        "type": "Point",
        "coordinates": [
          116.271075,
          40.015925
        ]
      },
      "properties": {
        "id": "cafe-323380-116271-40016",
        "name": "库迪咖啡(海淀肖家河华联店)",
        "address": "北京城区龙背村99号北京华联BHG Mall(肖家河店)",
        "district": "海淀区",
        "lng": 116.271075,
        "lat": 40.015925,
        "phone": "15510232391",
        "rating": 3.9,
        "avgPrice": 9,
        "photos": [
          "https://store.is.autonavi.com/showpic/7b0db620ddccbe9ff42ce59100617216?operate=original?operate=original?operate=original?operate=original",
          "https://store.is.autonavi.com/showpic/c5e0e6c6deed23920000000770340926?type=pic",
          "https://store.is.autonavi.com/showpic/e25edec3f29b719bcab4eb0f1a12d256"
        ],
        "tags": [
          "餐饮服务;咖啡厅;咖啡厅"
        ],
        "dataSource": "unknown",
        "lastUpdated": "2026-10-09",
        "nearbyCafes500m": 4,
        "nearbyCafes1km": 7,
        "nearbyCafes2km": 11,
        "scoreAccessibility": 50,
        "scoreRarity": 57,
        "scorePopularity": 78,
        "scoreBrand": 60,
        "scoreSpace": 50,
        "scoreAmenity": 30,
        "scoreFreshness": 50,
        "score": 54
      }
    },
    {
      "type": "Feature",
      "geometry": {
        "type": "Point",
        "coordinates": [
          116.273825,
          40.044225
        ]
      },
      "properties": {
        "id": "cafe-225255-116274-40044",
        "name": "度咖啡(百度科技园店)",
        "address": "旺科西路与软件园中街交叉口南100米",
        "district": "海淀区",
        "lng": 116.273825,
        "lat": 40.044225,
        "phone": [],
        "rating": 3.6,
        "avgPrice": 37,
        "photos": [
          "https://aos-comment.amap.com/comment/content_service__1773394144946_08099847_1773395109291_72389207.jpg",
          "https://store.is.autonavi.com/showpic/1329432ece1323d90000000657936610",
          "https://aos-comment.amap.com/comment/content_service__1773394144932_03661754_1773395109288_47964983.jpg"
        ],
        "tags": [
          "餐饮服务;咖啡厅;咖啡厅"
        ],
        "dataSource": "unknown",
        "lastUpdated": "2026-10-09",
        "nearbyCafes500m": 3,
        "nearbyCafes1km": 4,
        "nearbyCafes2km": 14,
        "scoreAccessibility": 50,
        "scoreRarity": 65,
        "scorePopularity": 72,
        "scoreBrand": 60,
        "scoreSpace": 50,
        "scoreAmenity": 30,
        "scoreFreshness": 50,
        "score": 54
      }
    },
    {
      "type": "Feature",
      "geometry": {
        "type": "Point",
        "coordinates": [
          116.276601,
          40.020351
        ]
      },
      "properties": {
        "id": "cafe-69101-116277-40020",
        "name": "SmileCoffee(农大店)",
        "address": "天秀路与正黄旗西路交叉口西140米",
        "district": "海淀区",
        "lng": 116.276601,
        "lat": 40.020351,
        "phone": [],
        "rating": 3.4,
        "avgPrice": 29,
        "photos": [],
        "tags": [
          "餐饮服务;咖啡厅;咖啡厅"
        ],
        "dataSource": "unknown",
        "lastUpdated": "2026-10-09",
        "nearbyCafes500m": 0,
        "nearbyCafes1km": 7,
        "nearbyCafes2km": 11,
        "scoreAccessibility": 50,
        "scoreRarity": 68,
        "scorePopularity": 68,
        "scoreBrand": 60,
        "scoreSpace": 50,
        "scoreAmenity": 30,
        "scoreFreshness": 50,
        "score": 54
      }
    },
    {
      "type": "Feature",
      "geometry": {
        "type": "Point",
        "coordinates": [
          116.194049,
          39.911219
        ]
      },
      "properties": {
        "id": "cafe-89068-116194-39911",
        "name": "客厅咖啡BusyBut",
        "address": "北京城区古城南路1号",
        "district": "石景山区",
        "lng": 116.194049,
        "lat": 39.911219,
        "phone": "18500610407",
        "rating": 4.6,
        "avgPrice": 35,
        "photos": [
          "https://aos-comment.amap.com/B0L1YSDH7T/comment/B38C60F6_D5BE_4775_8F50_940436A88840_L0_001_1500_200_1769504146878_13298565.jpg",
          "https://store.is.autonavi.com/showpic/eacc03db30a3e238d06d7a6072911630",
          "https://aos-comment.amap.com/B0L1YSDH7T/comment/38FE37B5_24F3_4D58_BD6A_CE77644A35D4_L0_001_1500_200_1759308053758_21293535.jpg"
        ],
        "tags": [
          "体育休闲服务;娱乐场所;娱乐场所"
        ],
        "dataSource": "unknown",
        "lastUpdated": "2026-10-09",
        "nearbyCafes500m": 5,
        "nearbyCafes1km": 12,
        "nearbyCafes2km": 23,
        "scoreAccessibility": 50,
        "scoreRarity": 45,
        "scorePopularity": 92,
        "scoreBrand": 60,
        "scoreSpace": 50,
        "scoreAmenity": 30,
        "scoreFreshness": 50,
        "score": 54
      }
    },
    {
      "type": "Feature",
      "geometry": {
        "type": "Point",
        "coordinates": [
          116.491859,
          39.970246
        ]
      },
      "properties": {
        "id": "cafe-271079-116492-39970",
        "name": "% Arabica阿拉比卡咖啡(颐堤港店)",
        "brand": "% Arabica",
        "brandCategory": "chain",
        "address": "北京城区酒仙桥路18号第L1层第L170号店铺",
        "district": "朝阳区",
        "lng": 116.491859,
        "lat": 39.970246,
        "phone": [],
        "rating": 4.3,
        "avgPrice": 40,
        "photos": [
          "https://aos-comment.amap.com/B0JU9AED0S/comment/content_media_external_images_media_1000017122_ss__1727024264009_05672022.jpg",
          "https://store.is.autonavi.com/showpic/1cf90b4e15fda35f0000002350288208?type=pic",
          "https://aos-comment.amap.com/B0JU9AED0S/comment/file_media_Photo_4217_IMG_1760696567_4014_IMG_20251017_182107_jpg_ss__1763617406753_27777206.jpg"
        ],
        "tags": [
          "餐饮服务;咖啡厅;咖啡厅"
        ],
        "dataSource": "unknown",
        "lastUpdated": "2026-10-09",
        "nearbyCafes500m": 12,
        "nearbyCafes1km": 23,
        "nearbyCafes2km": 23,
        "scoreAccessibility": 50,
        "scoreRarity": 25,
        "scorePopularity": 86,
        "scoreBrand": 85,
        "scoreSpace": 50,
        "scoreAmenity": 30,
        "scoreFreshness": 50,
        "score": 53
      }
    },
    {
      "type": "Feature",
      "geometry": {
        "type": "Point",
        "coordinates": [
          116.48684,
          39.966253
        ]
      },
      "properties": {
        "id": "cafe-98149-116487-39966",
        "name": "VanillaMountain香草山",
        "address": "北京城区东四环安徒生花园东门向西200米",
        "district": "朝阳区",
        "lng": 116.48684,
        "lat": 39.966253,
        "phone": "18210820266",
        "rating": 4.6,
        "avgPrice": 60,
        "photos": [
          "https://aos-comment.amap.com/B0J2G7GLSV/comment/368A8063_896D_44F3_9BE8_966AD1FE70D1_L0_001_1500_200_1760955068533_11031692.jpg",
          "https://aos-comment.amap.com/B0J2G7GLSV/comment/content_media_external_images_media_1000063525_ss__1757496296883_67508713.jpg",
          "https://aos-comment.amap.com/B0J2G7GLSV/comment/content_media_external_images_media_34854_ss_2_1710658701695_7a531fd8.jpg"
        ],
        "tags": [
          "餐饮服务;咖啡厅;咖啡厅"
        ],
        "dataSource": "unknown",
        "lastUpdated": "2026-10-09",
        "nearbyCafes500m": 3,
        "nearbyCafes1km": 14,
        "nearbyCafes2km": 23,
        "scoreAccessibility": 50,
        "scoreRarity": 40,
        "scorePopularity": 92,
        "scoreBrand": 60,
        "scoreSpace": 50,
        "scoreAmenity": 30,
        "scoreFreshness": 50,
        "score": 53
      }
    },
    {
      "type": "Feature",
      "geometry": {
        "type": "Point",
        "coordinates": [
          116.549175,
          39.961983
        ]
      },
      "properties": {
        "id": "cafe-274638-116549-39962",
        "name": "库迪咖啡(东坝万达广场F5店)",
        "address": "东坝中路东坝万达广场5F层5020B室",
        "district": "朝阳区",
        "lng": 116.549175,
        "lat": 39.961983,
        "phone": "17310167315",
        "rating": 3.9,
        "avgPrice": 9,
        "photos": [
          "https://store.is.autonavi.com/showpic/7b0db620ddccbe9ff42ce59100617216?operate=original?operate=original?operate=original?operate=original",
          "https://store.is.autonavi.com/showpic/2b2d98c553230d330000002395560209?type=pic",
          "https://aos-comment.amap.com/B0L0HSPP67/comment/content_media_external_file_1000025078_ss__1763203925194_02677791.jpg"
        ],
        "tags": [
          "餐饮服务;咖啡厅;咖啡厅"
        ],
        "dataSource": "unknown",
        "lastUpdated": "2026-10-09",
        "nearbyCafes500m": 8,
        "nearbyCafes1km": 8,
        "nearbyCafes2km": 22,
        "scoreAccessibility": 50,
        "scoreRarity": 55,
        "scorePopularity": 78,
        "scoreBrand": 60,
        "scoreSpace": 50,
        "scoreAmenity": 30,
        "scoreFreshness": 50,
        "score": 53
      }
    },
    {
      "type": "Feature",
      "geometry": {
        "type": "Point",
        "coordinates": [
          116.541625,
          39.954275
        ]
      },
      "properties": {
        "id": "cafe-126093-116542-39954",
        "name": "花池咖啡厅",
        "address": "平房路20号美捷parkR09号",
        "district": "朝阳区",
        "lng": 116.541625,
        "lat": 39.954275,
        "phone": "17326809285",
        "rating": 4.5,
        "avgPrice": 41,
        "photos": [
          "https://store.is.autonavi.com/showpic/2f608ab38fd6d810f927dd7404791a80",
          "https://store.is.autonavi.com/showpic/01d260294b7467826062cdc89d0fd1f6",
          "https://store.is.autonavi.com/showpic/a3825ab2de77689039069c3654e7fe4c"
        ],
        "tags": [
          "餐饮服务;咖啡厅;咖啡厅"
        ],
        "dataSource": "unknown",
        "lastUpdated": "2026-10-09",
        "nearbyCafes500m": 4,
        "nearbyCafes1km": 13,
        "nearbyCafes2km": 21,
        "scoreAccessibility": 50,
        "scoreRarity": 43,
        "scorePopularity": 90,
        "scoreBrand": 60,
        "scoreSpace": 50,
        "scoreAmenity": 30,
        "scoreFreshness": 50,
        "score": 53
      }
    },
    {
      "type": "Feature",
      "geometry": {
        "type": "Point",
        "coordinates": [
          116.548177,
          39.951313
        ]
      },
      "properties": {
        "id": "cafe-241659-116548-39951",
        "name": "瑞幸咖啡(金隅嘉品MALL店)",
        "brand": "瑞幸",
        "brandCategory": "chain",
        "address": "东坝中路38号楼金隅嘉品MALL二层221号",
        "district": "朝阳区",
        "lng": 116.548177,
        "lat": 39.951313,
        "phone": "4000100100",
        "rating": 4.1,
        "avgPrice": 13,
        "photos": [
          "https://store.is.autonavi.com/showpic/c287706810a95e84ab635a931ccf264d?operate=original",
          "https://aos-comment.amap.com/B0FFL7BNYR/comment/dca94c025235e8157768596dc73b89cd_2048_2048_80.jpg",
          "https://aos-comment.amap.com/B0FFL7BNYR/comment/content_media_external_file_6582_ss__1765600121019_43019561.jpg"
        ],
        "tags": [
          "餐饮服务;咖啡厅;咖啡厅"
        ],
        "dataSource": "unknown",
        "lastUpdated": "2026-10-09",
        "nearbyCafes500m": 4,
        "nearbyCafes1km": 10,
        "nearbyCafes2km": 23,
        "scoreAccessibility": 50,
        "scoreRarity": 50,
        "scorePopularity": 82,
        "scoreBrand": 60,
        "scoreSpace": 50,
        "scoreAmenity": 30,
        "scoreFreshness": 50,
        "score": 53
      }
    },
    {
      "type": "Feature",
      "geometry": {
        "type": "Point",
        "coordinates": [
          116.538833,
          39.955028
        ]
      },
      "properties": {
        "id": "cafe-259832-116539-39955",
        "name": "库迪咖啡(汇景苑四区店)",
        "address": "单店西路与单店南路交叉口东100米",
        "district": "朝阳区",
        "lng": 116.538833,
        "lat": 39.955028,
        "phone": "15801135751",
        "rating": 4.1,
        "avgPrice": 9,
        "photos": [
          "https://store.is.autonavi.com/showpic/21c05ceeecb9bfe50000002753232996?type=pic",
          "https://store.is.autonavi.com/showpic/a4d9361e7cfe92407b1cf0206e512233",
          "https://store.is.autonavi.com/showpic/56022caed3b1605e0000002753232995?type=pic"
        ],
        "tags": [
          "餐饮服务;咖啡厅;咖啡厅"
        ],
        "dataSource": "unknown",
        "lastUpdated": "2026-10-09",
        "nearbyCafes500m": 3,
        "nearbyCafes1km": 10,
        "nearbyCafes2km": 21,
        "scoreAccessibility": 50,
        "scoreRarity": 50,
        "scorePopularity": 82,
        "scoreBrand": 60,
        "scoreSpace": 50,
        "scoreAmenity": 30,
        "scoreFreshness": 50,
        "score": 53
      }
    },
    {
      "type": "Feature",
      "geometry": {
        "type": "Point",
        "coordinates": [
          116.414302,
          40.076083
        ]
      },
      "properties": {
        "id": "cafe-277530-116414-40076",
        "name": "瑞幸咖啡(天通苑北一区店)",
        "brand": "瑞幸",
        "brandCategory": "chain",
        "address": "天通苑北街道太平庄中二街天通苑甲5号底商",
        "district": "昌平区",
        "lng": 116.414302,
        "lat": 40.076083,
        "phone": "4000100100",
        "rating": 4.2,
        "avgPrice": 13,
        "photos": [
          "https://store.is.autonavi.com/showpic/c287706810a95e84ab635a931ccf264d?operate=original",
          "https://aos-comment.amap.com/B0K6NZXMAS/comment/1bcbbdcb7f01c1363f21824dd9c0814e_2048_2048_80.jpg",
          "https://aos-comment.amap.com/B0K6NZXMAS/headerImg/5bafa540a0fb115f2cc609b3ff994ccd_2048_2048_80.jpg"
        ],
        "tags": [
          "餐饮服务;咖啡厅;咖啡厅"
        ],
        "dataSource": "unknown",
        "lastUpdated": "2026-10-09",
        "nearbyCafes500m": 2,
        "nearbyCafes1km": 10,
        "nearbyCafes2km": 17,
        "scoreAccessibility": 50,
        "scoreRarity": 50,
        "scorePopularity": 84,
        "scoreBrand": 60,
        "scoreSpace": 50,
        "scoreAmenity": 30,
        "scoreFreshness": 50,
        "score": 53
      }
    },
    {
      "type": "Feature",
      "geometry": {
        "type": "Point",
        "coordinates": [
          116.411988,
          40.074428
        ]
      },
      "properties": {
        "id": "cafe-296927-116412-40074",
        "name": "瑞幸咖啡(地铁天通苑B口店)",
        "brand": "瑞幸",
        "brandCategory": "chain",
        "address": "东小口镇天通苑西苑三区36号楼一层3单元102",
        "district": "昌平区",
        "lng": 116.411988,
        "lat": 40.074428,
        "phone": "4000100100",
        "rating": 4.1,
        "avgPrice": 13,
        "photos": [
          "https://store.is.autonavi.com/showpic/c287706810a95e84ab635a931ccf264d?operate=original",
          "https://aos-comment.amap.com/B0L2DZ83J8/comment/%5B2025-10-20-23-33-19%5D68D6AF5D-D4BF-46AF-9D52-41946BB71AE_1760974399980_71838266.jpg",
          "https://store.is.autonavi.com/showpic/6ac2c5f54f955ce90000003117498358?type=pic"
        ],
        "tags": [
          "餐饮服务;咖啡厅;咖啡厅"
        ],
        "dataSource": "unknown",
        "lastUpdated": "2026-10-09",
        "nearbyCafes500m": 3,
        "nearbyCafes1km": 10,
        "nearbyCafes2km": 16,
        "scoreAccessibility": 50,
        "scoreRarity": 50,
        "scorePopularity": 82,
        "scoreBrand": 60,
        "scoreSpace": 50,
        "scoreAmenity": 30,
        "scoreFreshness": 50,
        "score": 53
      }
    },
    {
      "type": "Feature",
      "geometry": {
        "type": "Point",
        "coordinates": [
          116.414651,
          40.070562
        ]
      },
      "properties": {
        "id": "cafe-276242-116415-40071",
        "name": "库迪咖啡(天通苑华联店)",
        "address": "天通苑北街道东三旗路28号华联天通苑购物中心地下一层",
        "district": "昌平区",
        "lng": 116.414651,
        "lat": 40.070562,
        "phone": "18613802585",
        "rating": 3.9,
        "avgPrice": 9,
        "photos": [
          "https://store.is.autonavi.com/showpic/7b0db620ddccbe9ff42ce59100617216?operate=original?operate=original?operate=original?operate=original",
          "https://aos-comment.amap.com/B0JKHHBSW2/comment/content_media_external_file_1000076202_ss__1770643193025_68005953.jpg",
          "https://store.is.autonavi.com/showpic/f20c151dea2a737f0000002651404472?type=pic"
        ],
        "tags": [
          "餐饮服务;咖啡厅;咖啡厅"
        ],
        "dataSource": "unknown",
        "lastUpdated": "2026-10-09",
        "nearbyCafes500m": 8,
        "nearbyCafes1km": 9,
        "nearbyCafes2km": 16,
        "scoreAccessibility": 50,
        "scoreRarity": 53,
        "scorePopularity": 78,
        "scoreBrand": 60,
        "scoreSpace": 50,
        "scoreAmenity": 30,
        "scoreFreshness": 50,
        "score": 53
      }
    },
    {
      "type": "Feature",
      "geometry": {
        "type": "Point",
        "coordinates": [
          116.415232,
          40.070652
        ]
      },
      "properties": {
        "id": "cafe-194400-116415-40071",
        "name": "肯悦咖啡天通苑",
        "address": "天通中苑F区一层F1-05",
        "district": "昌平区",
        "lng": 116.415232,
        "lat": 40.070652,
        "phone": "18010118831",
        "rating": 3.9,
        "avgPrice": 18,
        "photos": [
          "https://store.is.autonavi.com/showpic/b324ab27db17b64008e6a49bcff0f835",
          "https://store.is.autonavi.com/showpic/f0f3853d91674d245ca2e66e23f4868d",
          "https://store.is.autonavi.com/showpic/18c568b7fa3c358f0000003108326763?type=pic"
        ],
        "tags": [
          "餐饮服务;咖啡厅;咖啡厅"
        ],
        "dataSource": "unknown",
        "lastUpdated": "2026-10-09",
        "nearbyCafes500m": 7,
        "nearbyCafes1km": 9,
        "nearbyCafes2km": 16,
        "scoreAccessibility": 50,
        "scoreRarity": 53,
        "scorePopularity": 78,
        "scoreBrand": 60,
        "scoreSpace": 50,
        "scoreAmenity": 30,
        "scoreFreshness": 50,
        "score": 53
      }
    },
    {
      "type": "Feature",
      "geometry": {
        "type": "Point",
        "coordinates": [
          116.414494,
          40.070214
        ]
      },
      "properties": {
        "id": "cafe-254332-116414-40070",
        "name": "幸运咖(天通苑华联店)",
        "address": "北京城区北京城区-天通苑北街道太平庄中一街天通中苑F区北京华联B1",
        "district": "昌平区",
        "lng": 116.414494,
        "lat": 40.070214,
        "phone": "13311250200",
        "rating": 3.8,
        "avgPrice": 10,
        "photos": [
          "https://aos-comment.amap.com/B0L3HU8B0A/comment/43FF0F73_77CE_4FA2_8D58_1DB94527E977_L0_001_1500_200_1772468005620_97001519.jpg",
          "https://aos-comment.amap.com/B0L3HU8B0A/comment/202512_16-11565_1765857418569_16319999.jpg",
          "https://store.is.autonavi.com/showpic/633f8484f55df9f1c74f3faf7c25e4eb"
        ],
        "tags": [
          "餐饮服务;咖啡厅;咖啡厅"
        ],
        "dataSource": "unknown",
        "lastUpdated": "2026-10-09",
        "nearbyCafes500m": 7,
        "nearbyCafes1km": 9,
        "nearbyCafes2km": 16,
        "scoreAccessibility": 50,
        "scoreRarity": 53,
        "scorePopularity": 76,
        "scoreBrand": 60,
        "scoreSpace": 50,
        "scoreAmenity": 30,
        "scoreFreshness": 50,
        "score": 53
      }
    },
    {
      "type": "Feature",
      "geometry": {
        "type": "Point",
        "coordinates": [
          116.271131,
          40.015606
        ]
      },
      "properties": {
        "id": "cafe-224748-116271-40016",
        "name": "肯悦咖啡(安河桥北店)",
        "address": "龙背村99号北京华联BHG Mall(肖家河店)",
        "district": "海淀区",
        "lng": 116.271131,
        "lat": 40.015606,
        "phone": [],
        "rating": 3.7,
        "avgPrice": 22,
        "photos": [
          "https://store.is.autonavi.com/showpic/821971ab18bc6fc66b6730992ab977f7"
        ],
        "tags": [
          "餐饮服务;咖啡厅;咖啡厅"
        ],
        "dataSource": "unknown",
        "lastUpdated": "2026-10-09",
        "nearbyCafes500m": 4,
        "nearbyCafes1km": 7,
        "nearbyCafes2km": 11,
        "scoreAccessibility": 50,
        "scoreRarity": 57,
        "scorePopularity": 74,
        "scoreBrand": 60,
        "scoreSpace": 50,
        "scoreAmenity": 30,
        "scoreFreshness": 50,
        "score": 53
      }
    },
    {
      "type": "Feature",
      "geometry": {
        "type": "Point",
        "coordinates": [
          116.188919,
          39.909331
        ]
      },
      "properties": {
        "id": "cafe-113332-116189-39909",
        "name": "雲秋咖啡",
        "address": "古城南路14栋14号",
        "district": "石景山区",
        "lng": 116.188919,
        "lat": 39.909331,
        "phone": "13521545731",
        "rating": 4.7,
        "avgPrice": 45,
        "photos": [
          "https://store.is.autonavi.com/showpic/963e8d16e868fac40000002244182245?type=pic",
          "https://aos-comment.amap.com/B0L6Z52SE0/comment/67BFB7C1_EB19_430D_9640_682D01CEDD86_L0_001_1500_200_1769328765413_33608567.jpg",
          "https://aos-comment.amap.com/B0L6Z52SE0/comment/content_media_external_file_1000023825_ss__1757664360998_21008156.jpg"
        ],
        "tags": [
          "餐饮服务;咖啡厅;咖啡厅"
        ],
        "dataSource": "unknown",
        "lastUpdated": "2026-10-09",
        "nearbyCafes500m": 8,
        "nearbyCafes1km": 14,
        "nearbyCafes2km": 23,
        "scoreAccessibility": 50,
        "scoreRarity": 40,
        "scorePopularity": 94,
        "scoreBrand": 60,
        "scoreSpace": 50,
        "scoreAmenity": 30,
        "scoreFreshness": 50,
        "score": 53
      }
    },
    {
      "type": "Feature",
      "geometry": {
        "type": "Point",
        "coordinates": [
          116.18461,
          39.906132
        ]
      },
      "properties": {
        "id": "cafe-327358-116185-39906",
        "name": "星巴克(石景山金融街中心店)",
        "brand": "星巴克",
        "brandCategory": "chain",
        "address": "北京城区石景山路54号院3号楼1至2层6-23-1号",
        "district": "石景山区",
        "lng": 116.18461,
        "lat": 39.906132,
        "phone": "010-59248351",
        "rating": 4.4,
        "avgPrice": 30,
        "photos": [
          "https://aos-comment.amap.com/B0HKMD7CPI/comment/f814f4c141627fde21331e6a46eb55fd_2048_2048_80.jpg",
          "http://store.is.autonavi.com/showpic/25e6874cf5ef3e2bbf66f7dd74ef98c5",
          "https://aos-comment.amap.com/B0HKMD7CPI/comment/a7368b3f085fb1d2d8b8ac60b7949b52_2048_2048_80.jpg"
        ],
        "tags": [
          "餐饮服务;咖啡厅;星巴克咖啡"
        ],
        "dataSource": "unknown",
        "lastUpdated": "2026-10-09",
        "nearbyCafes500m": 6,
        "nearbyCafes1km": 16,
        "nearbyCafes2km": 20,
        "scoreAccessibility": 50,
        "scoreRarity": 35,
        "scorePopularity": 88,
        "scoreBrand": 70,
        "scoreSpace": 50,
        "scoreAmenity": 30,
        "scoreFreshness": 50,
        "score": 53
      }
    },
    {
      "type": "Feature",
      "geometry": {
        "type": "Point",
        "coordinates": [
          116.178495,
          39.909282
        ]
      },
      "properties": {
        "id": "cafe-298244-116178-39909",
        "name": "luckin coffee 瑞幸咖啡(中海金玺公馆店)",
        "brand": "瑞幸",
        "brandCategory": "chain",
        "address": "中海金玺公馆南门东90米",
        "district": "石景山区",
        "lng": 116.178495,
        "lat": 39.909282,
        "phone": "4000100100",
        "rating": 4.2,
        "avgPrice": 13,
        "photos": [
          "https://store.is.autonavi.com/showpic/c287706810a95e84ab635a931ccf264d?operate=original",
          "http://store.is.autonavi.com/showpic/05f22617c9108549b33b51a7432d86a7",
          "https://store.is.autonavi.com/showpic/c8724736ed1e432e9641e4eba922e528"
        ],
        "tags": [
          "餐饮服务;咖啡厅;咖啡厅"
        ],
        "dataSource": "unknown",
        "lastUpdated": "2026-10-09",
        "nearbyCafes500m": 2,
        "nearbyCafes1km": 11,
        "nearbyCafes2km": 20,
        "scoreAccessibility": 50,
        "scoreRarity": 48,
        "scorePopularity": 84,
        "scoreBrand": 60,
        "scoreSpace": 50,
        "scoreAmenity": 30,
        "scoreFreshness": 50,
        "score": 53
      }
    },
    {
      "type": "Feature",
      "geometry": {
        "type": "Point",
        "coordinates": [
          116.491635,
          39.969165
        ]
      },
      "properties": {
        "id": "cafe-392856-116492-39969",
        "name": "星巴克臻选(北京颐堤港中心第二店)",
        "brand": "星巴克",
        "brandCategory": "chain",
        "address": "将台乡酒仙桥路18号颐堤港商场地下一层LG36-LG38商铺",
        "district": "朝阳区",
        "lng": 116.491635,
        "lat": 39.969165,
        "phone": "010-84356158",
        "rating": 4.5,
        "avgPrice": 30,
        "photos": [
          "http://store.is.autonavi.com/showpic/ec3440dbf3d8f9de23da5c7a0cf58ad7",
          "https://store.is.autonavi.com/showpic/895eb0ca5c882b950000002359904518?type=pic",
          "https://aos-comment.amap.com/B0FFF6XCT7/comment/content_media_external_file_1000047101_ss__1766191658526_16294779.jpg",
          "https://aos-comment.amap.com/B0L11UL6U4/comment/419F1E7D_4562_4DE5_8E44_4D62317586FD_L0_001_1500_200_1761233983219_78711029.jpg",
          "https://aos-comment.amap.com/B0L11UL6U4/comment/F6263186_62D0_4E39_8487_F1E508F1B44C_L0_001_2000_150_1761233983197_98406526.jpg"
        ],
        "tags": [
          "餐饮服务;咖啡厅;星巴克咖啡"
        ],
        "dataSource": "unknown",
        "lastUpdated": "2026-10-09",
        "nearbyCafes500m": 10,
        "nearbyCafes1km": 22,
        "nearbyCafes2km": 23,
        "scoreAccessibility": 50,
        "scoreRarity": 25,
        "scorePopularity": 90,
        "scoreBrand": 70,
        "scoreSpace": 50,
        "scoreAmenity": 30,
        "scoreFreshness": 50,
        "score": 52
      }
    },
    {
      "type": "Feature",
      "geometry": {
        "type": "Point",
        "coordinates": [
          116.487505,
          39.966206
        ]
      },
      "properties": {
        "id": "cafe-95601-116488-39966",
        "name": "Dinoo片场咖啡",
        "address": "东四环北路6号二区28号楼一层109-110商铺",
        "district": "朝阳区",
        "lng": 116.487505,
        "lat": 39.966206,
        "phone": "18612277190",
        "rating": 4.5,
        "avgPrice": 26,
        "photos": [
          "https://aos-comment.amap.com/B0I247RV6J/comment/content_media_external_file_192342_ss__1772853620842_38513378.jpg",
          "https://aos-comment.amap.com/B0I247RV6J/comment/9E29DE57_3681_401C_92FC_18C68D99056E_L0_001_1512_201_1748246108151_02684187.jpg",
          "https://aos-comment.amap.com/B0I247RV6J/comment/content_media_external_images_media_16341_1728618401751_62123536.jpg"
        ],
        "tags": [
          "餐饮服务;咖啡厅;咖啡厅"
        ],
        "dataSource": "unknown",
        "lastUpdated": "2026-10-09",
        "nearbyCafes500m": 4,
        "nearbyCafes1km": 15,
        "nearbyCafes2km": 23,
        "scoreAccessibility": 50,
        "scoreRarity": 38,
        "scorePopularity": 90,
        "scoreBrand": 60,
        "scoreSpace": 50,
        "scoreAmenity": 30,
        "scoreFreshness": 50,
        "score": 52
      }
    },
    {
      "type": "Feature",
      "geometry": {
        "type": "Point",
        "coordinates": [
          116.490341,
          39.975686
        ]
      },
      "properties": {
        "id": "cafe-279554-116490-39976",
        "name": "星巴克(新辰里酒仙桥店)",
        "brand": "星巴克",
        "brandCategory": "chain",
        "address": "北京城区酒仙桥路12号乐天玛特超市一层",
        "district": "朝阳区",
        "lng": 116.490341,
        "lat": 39.975686,
        "phone": "010-82184740",
        "rating": 4.5,
        "avgPrice": 30,
        "photos": [
          "http://store.is.autonavi.com/showpic/ec3440dbf3d8f9de23da5c7a0cf58ad7",
          "http://store.is.autonavi.com/showpic/256a8482a5cb0d9886ee989816856809",
          "https://store.is.autonavi.com/showpic/d632db02b1e4f1740000002585530349?type=pic"
        ],
        "tags": [
          "餐饮服务;咖啡厅;星巴克咖啡"
        ],
        "dataSource": "unknown",
        "lastUpdated": "2026-10-09",
        "nearbyCafes500m": 8,
        "nearbyCafes1km": 21,
        "nearbyCafes2km": 23,
        "scoreAccessibility": 50,
        "scoreRarity": 25,
        "scorePopularity": 90,
        "scoreBrand": 70,
        "scoreSpace": 50,
        "scoreAmenity": 30,
        "scoreFreshness": 50,
        "score": 52
      }
    },
    {
      "type": "Feature",
      "geometry": {
        "type": "Point",
        "coordinates": [
          116.496079,
          39.972037
        ]
      },
      "properties": {
        "id": "cafe-164761-116496-39972",
        "name": "星巴克(506创新园店)",
        "brand": "星巴克",
        "brandCategory": "chain",
        "address": "北京城区将台路5号13号院一层02单元F1-02",
        "district": "朝阳区",
        "lng": 116.496079,
        "lat": 39.972037,
        "phone": "010-82184768",
        "rating": 4.4,
        "avgPrice": 30,
        "photos": [
          "http://store.is.autonavi.com/showpic/ec3440dbf3d8f9de23da5c7a0cf58ad7",
          "https://aos-comment.amap.com/B0GRXA91TV/comment/7be4b978e2e15976b2635a576782ee65_2048_2048_80.jpg",
          "https://aos-comment.amap.com/B0GRXA91TV/comment/4520885a329f89a58035cdcc72516424_2048_2048_80.jpg"
        ],
        "tags": [
          "餐饮服务;咖啡厅;星巴克咖啡"
        ],
        "dataSource": "unknown",
        "lastUpdated": "2026-10-09",
        "nearbyCafes500m": 9,
        "nearbyCafes1km": 19,
        "nearbyCafes2km": 23,
        "scoreAccessibility": 50,
        "scoreRarity": 28,
        "scorePopularity": 88,
        "scoreBrand": 70,
        "scoreSpace": 50,
        "scoreAmenity": 30,
        "scoreFreshness": 50,
        "score": 52
      }
    },
    {
      "type": "Feature",
      "geometry": {
        "type": "Point",
        "coordinates": [
          116.415119,
          40.072663
        ]
      },
      "properties": {
        "id": "cafe-154244-116415-40073",
        "name": "Fas‘tea’val Coffee(清华长庚店)",
        "address": "立汤路168号清华长庚医院1号楼b1层杏一商店街",
        "district": "昌平区",
        "lng": 116.415119,
        "lat": 40.072663,
        "phone": "17710261439",
        "rating": 3.7,
        "avgPrice": 54,
        "photos": [
          "http://store.is.autonavi.com/showpic/c7a1aef55dbc9a8f184c43335a933df1",
          "http://store.is.autonavi.com/showpic/b886423045c8e6bb7aa53219e34d0dba",
          "http://store.is.autonavi.com/showpic/be2b89751168a773b3f4ddc8742b74f9"
        ],
        "tags": [
          "餐饮服务;餐饮相关场所;餐饮相关"
        ],
        "dataSource": "unknown",
        "lastUpdated": "2026-10-09",
        "nearbyCafes500m": 9,
        "nearbyCafes1km": 9,
        "nearbyCafes2km": 17,
        "scoreAccessibility": 50,
        "scoreRarity": 53,
        "scorePopularity": 74,
        "scoreBrand": 60,
        "scoreSpace": 50,
        "scoreAmenity": 30,
        "scoreFreshness": 50,
        "score": 52
      }
    },
    {
      "type": "Feature",
      "geometry": {
        "type": "Point",
        "coordinates": [
          116.252875,
          40.048625
        ]
      },
      "properties": {
        "id": "cafe-44036-116253-40049",
        "name": "So Hot咖啡",
        "address": "西北旺四街与茉莉园北路交叉口南160米",
        "district": "海淀区",
        "lng": 116.252875,
        "lat": 40.048625,
        "phone": [],
        "rating": 2.8,
        "avgPrice": null,
        "photos": [],
        "tags": [
          "餐饮服务;咖啡厅;咖啡厅"
        ],
        "dataSource": "unknown",
        "lastUpdated": "2026-10-09",
        "nearbyCafes500m": 1,
        "nearbyCafes1km": 7,
        "nearbyCafes2km": 10,
        "scoreAccessibility": 50,
        "scoreRarity": 68,
        "scorePopularity": 56,
        "scoreBrand": 60,
        "scoreSpace": 50,
        "scoreAmenity": 30,
        "scoreFreshness": 50,
        "score": 52
      }
    },
    {
      "type": "Feature",
      "geometry": {
        "type": "Point",
        "coordinates": [
          116.184431,
          39.909287
        ]
      },
      "properties": {
        "id": "cafe-1486-116184-39909",
        "name": "Duvet Day coffee",
        "address": "古盛路36号院4号楼1层107-2",
        "district": "石景山区",
        "lng": 116.184431,
        "lat": 39.909287,
        "phone": "13701179229",
        "rating": 4.4,
        "avgPrice": 37,
        "photos": [
          "https://aos-comment.amap.com/B0KD6CG1QH/comment/57964fb02b1d72a0d80952171374a678_2048_2048_80.jpg",
          "https://aos-comment.amap.com/B0KD6CG1QH/comment/34752145377884e158610db8e97a0d4f_2048_2048_80.jpg",
          "https://aos-comment.amap.com/B0KD6CG1QH/comment/1183EADC_F001_4A20_97D5_8EABE826D237_L0_001_884_1440_1725869073362_95885437.jpg"
        ],
        "tags": [
          "餐饮服务;咖啡厅;咖啡厅"
        ],
        "dataSource": "unknown",
        "lastUpdated": "2026-10-09",
        "nearbyCafes500m": 8,
        "nearbyCafes1km": 15,
        "nearbyCafes2km": 21,
        "scoreAccessibility": 50,
        "scoreRarity": 38,
        "scorePopularity": 88,
        "scoreBrand": 60,
        "scoreSpace": 50,
        "scoreAmenity": 30,
        "scoreFreshness": 50,
        "score": 52
      }
    },
    {
      "type": "Feature",
      "geometry": {
        "type": "Point",
        "coordinates": [
          116.184622,
          39.905254
        ]
      },
      "properties": {
        "id": "cafe-271120-116185-39905",
        "name": "瑞幸咖啡(绿地金融城店)",
        "brand": "瑞幸",
        "brandCategory": "chain",
        "address": "古城南街9号院4号楼一层",
        "district": "石景山区",
        "lng": 116.184622,
        "lat": 39.905254,
        "phone": "4000100100",
        "rating": 4.3,
        "avgPrice": 13,
        "photos": [
          "https://store.is.autonavi.com/showpic/c287706810a95e84ab635a931ccf264d?operate=original",
          "http://store.is.autonavi.com/showpic/6ec68f7c45a4c2103db707b2e3fb199c",
          "http://store.is.autonavi.com/showpic/df29e3efe2e2889f16021641afb5bf26"
        ],
        "tags": [
          "餐饮服务;餐饮相关场所;餐饮相关"
        ],
        "dataSource": "unknown",
        "lastUpdated": "2026-10-09",
        "nearbyCafes500m": 5,
        "nearbyCafes1km": 15,
        "nearbyCafes2km": 20,
        "scoreAccessibility": 50,
        "scoreRarity": 38,
        "scorePopularity": 86,
        "scoreBrand": 60,
        "scoreSpace": 50,
        "scoreAmenity": 30,
        "scoreFreshness": 50,
        "score": 52
      }
    },
    {
      "type": "Feature",
      "geometry": {
        "type": "Point",
        "coordinates": [
          116.183698,
          39.904867
        ]
      },
      "properties": {
        "id": "cafe-359563-116184-39905",
        "name": "库迪咖啡(绿地环球金融中心店)",
        "address": "北京城区城通街26号院4号楼8-23号(4号楼入口处)",
        "district": "石景山区",
        "lng": 116.183698,
        "lat": 39.904867,
        "phone": "15010925020",
        "rating": 4.3,
        "avgPrice": 9,
        "photos": [
          "https://store.is.autonavi.com/showpic/7b0db620ddccbe9ff42ce59100617216?operate=original?operate=original?operate=original?operate=original",
          "http://store.is.autonavi.com/showpic/e0932430a72fd40a8777dd4b332df936",
          "https://aos-comment.amap.com/B0JDN55RCS/comment/a0cf6c3acae3d8b3a50b8918db5f2271_2048_2048_80.jpg"
        ],
        "tags": [
          "餐饮服务;咖啡厅;咖啡厅"
        ],
        "dataSource": "unknown",
        "lastUpdated": "2026-10-09",
        "nearbyCafes500m": 4,
        "nearbyCafes1km": 15,
        "nearbyCafes2km": 20,
        "scoreAccessibility": 50,
        "scoreRarity": 38,
        "scorePopularity": 86,
        "scoreBrand": 60,
        "scoreSpace": 50,
        "scoreAmenity": 30,
        "scoreFreshness": 50,
        "score": 52
      }
    },
    {
      "type": "Feature",
      "geometry": {
        "type": "Point",
        "coordinates": [
          116.491615,
          39.973248
        ]
      },
      "properties": {
        "id": "cafe-43714-116492-39973",
        "name": "2333咖啡",
        "address": "酒仙桥兆维工业园A2-2(将台地铁站A西北口步行320米)",
        "district": "朝阳区",
        "lng": 116.491615,
        "lat": 39.973248,
        "phone": "17276392440",
        "rating": 4.6,
        "avgPrice": 40,
        "photos": [
          "https://aos-comment.amap.com/B0J1D70E1J/comment/13bd8351883e7a7658e15f432cc45dbf_2048_2048_80.jpg",
          "https://aos-comment.amap.com/B0J1D70E1J/comment/ed055655664214090d129c005d9cd74e_2048_2048_80.jpg",
          "https://aos-comment.amap.com/B0J1D70E1J/comment/664d8a1c945b765eb205cdf1a9849d9f_2048_2048_80.jpg"
        ],
        "tags": [
          "餐饮服务;咖啡厅;咖啡厅"
        ],
        "dataSource": "unknown",
        "lastUpdated": "2026-10-09",
        "nearbyCafes500m": 17,
        "nearbyCafes1km": 23,
        "nearbyCafes2km": 23,
        "scoreAccessibility": 50,
        "scoreRarity": 25,
        "scorePopularity": 92,
        "scoreBrand": 60,
        "scoreSpace": 50,
        "scoreAmenity": 30,
        "scoreFreshness": 50,
        "score": 51
      }
    },
    {
      "type": "Feature",
      "geometry": {
        "type": "Point",
        "coordinates": [
          116.485193,
          39.970714
        ]
      },
      "properties": {
        "id": "cafe-82607-116485-39971",
        "name": "break coffee(丽都店)",
        "address": "将台西路与芳园南街交叉口东220米",
        "district": "朝阳区",
        "lng": 116.485193,
        "lat": 39.970714,
        "phone": "18611436753",
        "rating": 4.7,
        "avgPrice": 42,
        "photos": [
          "https://store.is.autonavi.com/showpic/caf7c7ed860436350000001928072777?type=pic",
          "https://aos-comment.amap.com/comment/content_service__1769502323425_24193085_1769502363076_29546538.jpg",
          "https://aos-comment.amap.com/B0JA9MAFB4/headerImg/c6eb962f81715e2c0340f2eb13ffbafd_2048_2048_80.jpg"
        ],
        "tags": [
          "餐饮服务;咖啡厅;咖啡厅"
        ],
        "dataSource": "unknown",
        "lastUpdated": "2026-10-09",
        "nearbyCafes500m": 6,
        "nearbyCafes1km": 23,
        "nearbyCafes2km": 23,
        "scoreAccessibility": 50,
        "scoreRarity": 25,
        "scorePopularity": 94,
        "scoreBrand": 60,
        "scoreSpace": 50,
        "scoreAmenity": 30,
        "scoreFreshness": 50,
        "score": 51
      }
    },
    {
      "type": "Feature",
      "geometry": {
        "type": "Point",
        "coordinates": [
          116.490777,
          39.970395
        ]
      },
      "properties": {
        "id": "cafe-115348-116491-39970",
        "name": "Manner Coffee(颐堤港店)",
        "brand": "Manner",
        "brandCategory": "chain",
        "address": "酒仙桥路18号颐堤港1层L105(将台地铁站出入口旁)",
        "district": "朝阳区",
        "lng": 116.490777,
        "lat": 39.970395,
        "phone": [],
        "rating": 4.2,
        "avgPrice": 20,
        "photos": [
          "https://aos-comment.amap.com/B0L6PCD325/comment/465EB7A3_254C_4A72_8BB6_ECBDD3546E32_L0_001_1500_200_1762352834143_75949591.jpg",
          "https://store.is.autonavi.com/showpic/00c71fe8194cb7a70000003059534008?type=pic",
          "https://aos-comment.amap.com/B0L6PCD325/comment/1B4970D4_DCB2_4307_A477_084A29252DD1_L0_001_1500_200_1762352834145_80114389.jpg"
        ],
        "tags": [
          "餐饮服务;咖啡厅;咖啡厅"
        ],
        "dataSource": "unknown",
        "lastUpdated": "2026-10-09",
        "nearbyCafes500m": 11,
        "nearbyCafes1km": 23,
        "nearbyCafes2km": 23,
        "scoreAccessibility": 50,
        "scoreRarity": 25,
        "scorePopularity": 84,
        "scoreBrand": 75,
        "scoreSpace": 50,
        "scoreAmenity": 30,
        "scoreFreshness": 50,
        "score": 51
      }
    },
    {
      "type": "Feature",
      "geometry": {
        "type": "Point",
        "coordinates": [
          116.482839,
          39.969072
        ]
      },
      "properties": {
        "id": "cafe-198329-116483-39969",
        "name": "PIN·3口咖啡(丽都水岸店)",
        "address": "芳园南里9号院7号楼1层104",
        "district": "朝阳区",
        "lng": 116.482839,
        "lat": 39.969072,
        "phone": "18600503793",
        "rating": 4.5,
        "avgPrice": 40,
        "photos": [
          "https://store.is.autonavi.com/showpic/1765ee8a0260b4f70000002949996575?type=pic",
          "https://store.is.autonavi.com/showpic/ec936aa0c737dc030000002950010329?type=pic",
          "https://aos-comment.amap.com/B0JA3UTYPC/comment/4af0c347580a2295c3d70083c346d6d1_2048_2048_80.jpg"
        ],
        "tags": [
          "餐饮服务;餐饮相关场所;餐饮相关"
        ],
        "dataSource": "unknown",
        "lastUpdated": "2026-10-09",
        "nearbyCafes500m": 4,
        "nearbyCafes1km": 19,
        "nearbyCafes2km": 23,
        "scoreAccessibility": 50,
        "scoreRarity": 28,
        "scorePopularity": 90,
        "scoreBrand": 60,
        "scoreSpace": 50,
        "scoreAmenity": 30,
        "scoreFreshness": 50,
        "score": 51
      }
    },
    {
      "type": "Feature",
      "geometry": {
        "type": "Point",
        "coordinates": [
          116.490675,
          39.975679
        ]
      },
      "properties": {
        "id": "cafe-209773-116491-39976",
        "name": "Manner Coffee(酒仙桥新辰里店)",
        "brand": "Manner",
        "brandCategory": "chain",
        "address": "酒仙桥路12号毕淘买生活广场F1层",
        "district": "朝阳区",
        "lng": 116.490675,
        "lat": 39.975679,
        "phone": [],
        "rating": 4.2,
        "avgPrice": 20,
        "photos": [
          "http://store.is.autonavi.com/showpic/55bb3f466b0b45da91cf7c5e62918a1a",
          "https://store.is.autonavi.com/showpic/2fa69b5fd9c2c0330000002739564504?type=pic",
          "https://store.is.autonavi.com/showpic/c5ea30625349dc820000000974000911?type=pic"
        ],
        "tags": [
          "餐饮服务;咖啡厅;咖啡厅"
        ],
        "dataSource": "unknown",
        "lastUpdated": "2026-10-09",
        "nearbyCafes500m": 8,
        "nearbyCafes1km": 21,
        "nearbyCafes2km": 23,
        "scoreAccessibility": 50,
        "scoreRarity": 25,
        "scorePopularity": 84,
        "scoreBrand": 75,
        "scoreSpace": 50,
        "scoreAmenity": 30,
        "scoreFreshness": 50,
        "score": 51
      }
    },
    {
      "type": "Feature",
      "geometry": {
        "type": "Point",
        "coordinates": [
          116.550175,
          39.966325
        ]
      },
      "properties": {
        "id": "cafe-226976-116550-39966",
        "name": "库迪咖啡(朝运街店)",
        "address": "社科嘉园东区西1门南90米(东坝地铁站出入口步行190米)",
        "district": "朝阳区",
        "lng": 116.550175,
        "lat": 39.966325,
        "phone": [],
        "rating": 3.3,
        "avgPrice": 10,
        "photos": [
          "https://store.is.autonavi.com/showpic/b3a542e6bdaca34ee88e85eaad3c7ab0"
        ],
        "tags": [
          "餐饮服务;咖啡厅;咖啡厅"
        ],
        "dataSource": "unknown",
        "lastUpdated": "2026-10-09",
        "nearbyCafes500m": 4,
        "nearbyCafes1km": 9,
        "nearbyCafes2km": 22,
        "scoreAccessibility": 50,
        "scoreRarity": 53,
        "scorePopularity": 66,
        "scoreBrand": 60,
        "scoreSpace": 50,
        "scoreAmenity": 30,
        "scoreFreshness": 50,
        "score": 51
      }
    },
    {
      "type": "Feature",
      "geometry": {
        "type": "Point",
        "coordinates": [
          116.539525,
          39.955125
        ]
      },
      "properties": {
        "id": "cafe-273876-116540-39955",
        "name": "爵渴咖啡(北京朝阳东坝店)",
        "address": "单店南路汇景苑四区二号楼底商101室",
        "district": "朝阳区",
        "lng": 116.539525,
        "lat": 39.955125,
        "phone": [],
        "rating": 3.3,
        "avgPrice": 17,
        "photos": [
          "https://store.is.autonavi.com/showpic/185dcbf1a6966d868478e4a2569c54cd",
          "https://store.is.autonavi.com/showpic/804c83a78d926d970000002489188383?type=pic",
          "https://store.is.autonavi.com/showpic/d001cf608e5714c10000002489124912?type=pic"
        ],
        "tags": [
          "餐饮服务;咖啡厅;咖啡厅"
        ],
        "dataSource": "unknown",
        "lastUpdated": "2026-10-09",
        "nearbyCafes500m": 3,
        "nearbyCafes1km": 10,
        "nearbyCafes2km": 21,
        "scoreAccessibility": 50,
        "scoreRarity": 50,
        "scorePopularity": 66,
        "scoreBrand": 60,
        "scoreSpace": 50,
        "scoreAmenity": 30,
        "scoreFreshness": 50,
        "score": 51
      }
    },
    {
      "type": "Feature",
      "geometry": {
        "type": "Point",
        "coordinates": [
          116.259975,
          40.049075
        ]
      },
      "properties": {
        "id": "cafe-191046-116260-40049",
        "name": "McCafe(西北旺万象汇店)",
        "brand": "麦咖啡",
        "brandCategory": "chain",
        "address": "冠城大通·启辰中心(西北旺地铁站C东南口步行370米)",
        "district": "海淀区",
        "lng": 116.259975,
        "lat": 40.049075,
        "phone": [],
        "rating": 3.2,
        "avgPrice": 26,
        "photos": [
          "https://store.is.autonavi.com/showpic/10747cb77182b98e7c3303762657a1e4"
        ],
        "tags": [
          "餐饮服务;咖啡厅;咖啡厅"
        ],
        "dataSource": "unknown",
        "lastUpdated": "2026-10-09",
        "nearbyCafes500m": 4,
        "nearbyCafes1km": 5,
        "nearbyCafes2km": 12,
        "scoreAccessibility": 50,
        "scoreRarity": 63,
        "scorePopularity": 64,
        "scoreBrand": 50,
        "scoreSpace": 50,
        "scoreAmenity": 30,
        "scoreFreshness": 50,
        "score": 51
      }
    },
    {
      "type": "Feature",
      "geometry": {
        "type": "Point",
        "coordinates": [
          116.190242,
          39.911081
        ]
      },
      "properties": {
        "id": "cafe-222228-116190-39911",
        "name": "luckin coffee 瑞幸咖啡(华荣商场店)",
        "brand": "瑞幸",
        "brandCategory": "chain",
        "address": "古城南路48号华荣商场F1层",
        "district": "石景山区",
        "lng": 116.190242,
        "lat": 39.911081,
        "phone": [],
        "rating": 3.9,
        "avgPrice": 11,
        "photos": [
          "https://store.is.autonavi.com/showpic/c287706810a95e84ab635a931ccf264d?operate=original",
          "https://aos-comment.amap.com/B0KARHFPLQ/comment/%5B2025-09-27-15-54-19%5D6767B2FD-67C5-4869-8CC2-2AECE1740F6_1758959663440_27262424.jpg",
          "https://store.is.autonavi.com/showpic/fdd3bb9f0befc9d00000001770124437?type=pic"
        ],
        "tags": [
          "餐饮服务;咖啡厅;咖啡厅"
        ],
        "dataSource": "unknown",
        "lastUpdated": "2026-10-09",
        "nearbyCafes500m": 6,
        "nearbyCafes1km": 13,
        "nearbyCafes2km": 23,
        "scoreAccessibility": 50,
        "scoreRarity": 43,
        "scorePopularity": 78,
        "scoreBrand": 60,
        "scoreSpace": 50,
        "scoreAmenity": 30,
        "scoreFreshness": 50,
        "score": 51
      }
    },
    {
      "type": "Feature",
      "geometry": {
        "type": "Point",
        "coordinates": [
          116.189741,
          39.910768
        ]
      },
      "properties": {
        "id": "cafe-350697-116190-39911",
        "name": "库迪咖啡(石景山古城步行街店)",
        "address": "北京城区古城南路48号(古城地铁站A西北口步行490米)",
        "district": "石景山区",
        "lng": 116.189741,
        "lat": 39.910768,
        "phone": "13121553484",
        "rating": 3.8,
        "avgPrice": 10,
        "photos": [
          "https://store.is.autonavi.com/showpic/2761018c7b8c22d13387d340adb01f2e"
        ],
        "tags": [
          "餐饮服务;咖啡厅;咖啡厅"
        ],
        "dataSource": "unknown",
        "lastUpdated": "2026-10-09",
        "nearbyCafes500m": 7,
        "nearbyCafes1km": 14,
        "nearbyCafes2km": 23,
        "scoreAccessibility": 50,
        "scoreRarity": 40,
        "scorePopularity": 76,
        "scoreBrand": 60,
        "scoreSpace": 50,
        "scoreAmenity": 30,
        "scoreFreshness": 50,
        "score": 51
      }
    },
    {
      "type": "Feature",
      "geometry": {
        "type": "Point",
        "coordinates": [
          116.18307,
          39.905798
        ]
      },
      "properties": {
        "id": "cafe-410845-116183-39906",
        "name": "MINI-CO小咖咖啡(北京绿地环球文化金融城店)",
        "address": "城通街26号",
        "district": "石景山区",
        "lng": 116.18307,
        "lat": 39.905798,
        "phone": "13611075191",
        "rating": 4,
        "avgPrice": 18,
        "photos": [
          "https://store.is.autonavi.com/showpic/15006d9974d54fde8597cf26b1f77848",
          "https://store.is.autonavi.com/showpic/124f989a6e5a54eb0000001988148270",
          "https://store.is.autonavi.com/showpic/523925bc47f558680000001988114822"
        ],
        "tags": [
          "餐饮服务;咖啡厅;咖啡厅"
        ],
        "dataSource": "unknown",
        "lastUpdated": "2026-10-09",
        "nearbyCafes500m": 5,
        "nearbyCafes1km": 15,
        "nearbyCafes2km": 20,
        "scoreAccessibility": 50,
        "scoreRarity": 38,
        "scorePopularity": 80,
        "scoreBrand": 60,
        "scoreSpace": 50,
        "scoreAmenity": 30,
        "scoreFreshness": 50,
        "score": 51
      }
    },
    {
      "type": "Feature",
      "geometry": {
        "type": "Point",
        "coordinates": [
          116.490462,
          39.970506
        ]
      },
      "properties": {
        "id": "cafe-271312-116490-39971",
        "name": "星巴克(北京颐堤港中心NOW店)",
        "brand": "星巴克",
        "brandCategory": "chain",
        "address": "酒仙桥路18号颐堤港商场L1-105号(将台地铁站出入口旁)",
        "district": "朝阳区",
        "lng": 116.490462,
        "lat": 39.970506,
        "phone": "010-84260986;010-84356158;4008206998",
        "rating": 3.9,
        "avgPrice": 45,
        "photos": [
          "https://img.alicdn.com/imgextra/i1/O1CN01QpffkC1ZBxUdcUGdS_!!6000000003157-2-tps-500-374.png",
          "http://store.is.autonavi.com/showpic/256a8482a5cb0d9886ee989816856809",
          "https://aos-comment.amap.com/B0IALR1VIO/comment/95bcf3e1de2fed973516affacdbee4d4_2048_2048_80.jpg"
        ],
        "tags": [
          "餐饮服务;咖啡厅;星巴克咖啡"
        ],
        "dataSource": "unknown",
        "lastUpdated": "2026-10-09",
        "nearbyCafes500m": 11,
        "nearbyCafes1km": 23,
        "nearbyCafes2km": 23,
        "scoreAccessibility": 50,
        "scoreRarity": 25,
        "scorePopularity": 78,
        "scoreBrand": 70,
        "scoreSpace": 50,
        "scoreAmenity": 30,
        "scoreFreshness": 50,
        "score": 50
      }
    },
    {
      "type": "Feature",
      "geometry": {
        "type": "Point",
        "coordinates": [
          116.488621,
          39.969387
        ]
      },
      "properties": {
        "id": "cafe-64318-116489-39969",
        "name": "钩搭coffee",
        "address": "将台乡佳丽饭店院内b12号(将台地铁站C东南口步行370米)",
        "district": "朝阳区",
        "lng": 116.488621,
        "lat": 39.969387,
        "phone": "13601375077",
        "rating": 4.4,
        "avgPrice": 26,
        "photos": [
          "https://store.is.autonavi.com/showpic/b170eba90d65a2e6653fae9309d93afc",
          "http://store.is.autonavi.com/showpic/af95d2e01abd339049e83d4bbf3f1476",
          "https://store.is.autonavi.com/showpic/03ac9606c60c31cb8c372c89cd4dc98a"
        ],
        "tags": [
          "餐饮服务;咖啡厅;咖啡厅"
        ],
        "dataSource": "unknown",
        "lastUpdated": "2026-10-09",
        "nearbyCafes500m": 13,
        "nearbyCafes1km": 23,
        "nearbyCafes2km": 23,
        "scoreAccessibility": 50,
        "scoreRarity": 25,
        "scorePopularity": 88,
        "scoreBrand": 60,
        "scoreSpace": 50,
        "scoreAmenity": 30,
        "scoreFreshness": 50,
        "score": 50
      }
    },
    {
      "type": "Feature",
      "geometry": {
        "type": "Point",
        "coordinates": [
          116.484091,
          39.970692
        ]
      },
      "properties": {
        "id": "cafe-94951-116484-39971",
        "name": "Mi’s Coffee(上东8号店)",
        "address": "将台西路上东8号底商128号",
        "district": "朝阳区",
        "lng": 116.484091,
        "lat": 39.970692,
        "phone": "18612608134",
        "rating": 4.3,
        "avgPrice": 42,
        "photos": [
          "https://aos-comment.amap.com/B0HDXC9KOZ/headerImg/0c468e8b9fe9a1f32215b230009a627c_2048_2048_80.jpg",
          "https://store.is.autonavi.com/showpic/a1276e93fb114393bf3e007461ca15e5",
          "https://aos-comment.amap.com/B0HDXC9KOZ/headerImg/f4e9b1b96e5269a413a3616f32933e76_2048_2048_80.jpg"
        ],
        "tags": [
          "餐饮服务;咖啡厅;咖啡厅"
        ],
        "dataSource": "unknown",
        "lastUpdated": "2026-10-09",
        "nearbyCafes500m": 4,
        "nearbyCafes1km": 21,
        "nearbyCafes2km": 23,
        "scoreAccessibility": 50,
        "scoreRarity": 25,
        "scorePopularity": 86,
        "scoreBrand": 60,
        "scoreSpace": 50,
        "scoreAmenity": 30,
        "scoreFreshness": 50,
        "score": 50
      }
    },
    {
      "type": "Feature",
      "geometry": {
        "type": "Point",
        "coordinates": [
          116.490528,
          39.974985
        ]
      },
      "properties": {
        "id": "cafe-342453-116491-39975",
        "name": "Tims天好咖啡(电子城科技大厦捷枫店)",
        "brand": "Tims",
        "brandCategory": "chain",
        "address": "酒仙桥路甲12号电子城科技大厦1F",
        "district": "朝阳区",
        "lng": 116.490528,
        "lat": 39.974985,
        "phone": "15810066970",
        "rating": 3.9,
        "avgPrice": 30,
        "photos": [
          "http://store.is.autonavi.com/query_pic?id=st1a318338-7770-4717-a3c2-d24271293e86&user=search&operate=original",
          "http://store.is.autonavi.com/showpic/00e72015b69aa094bd7afc842068e04d",
          "http://store.is.autonavi.com/showpic/a74f71ca3c391d528f7adecfd99c7518"
        ],
        "tags": [
          "餐饮服务;咖啡厅;咖啡厅"
        ],
        "dataSource": "unknown",
        "lastUpdated": "2026-10-09",
        "nearbyCafes500m": 9,
        "nearbyCafes1km": 21,
        "nearbyCafes2km": 23,
        "scoreAccessibility": 50,
        "scoreRarity": 25,
        "scorePopularity": 78,
        "scoreBrand": 72,
        "scoreSpace": 50,
        "scoreAmenity": 30,
        "scoreFreshness": 50,
        "score": 50
      }
    },
    {
      "type": "Feature",
      "geometry": {
        "type": "Point",
        "coordinates": [
          116.496071,
          39.97275
        ]
      },
      "properties": {
        "id": "cafe-198319-116496-39973",
        "name": "库迪咖啡(506创新园店)",
        "address": "酒仙桥街道将台路5号院506创新园9号楼1层9-5",
        "district": "朝阳区",
        "lng": 116.496071,
        "lat": 39.97275,
        "phone": "15510144062",
        "rating": 4.2,
        "avgPrice": 9,
        "photos": [
          "https://store.is.autonavi.com/showpic/7b0db620ddccbe9ff42ce59100617216?operate=original?operate=original?operate=original?operate=original",
          "https://store.is.autonavi.com/showpic/3f835bf1339ffd640000000977136676?type=pic",
          "https://store.is.autonavi.com/showpic/7a84844316d02f948a40251dda97b0fd"
        ],
        "tags": [
          "餐饮服务;咖啡厅;咖啡厅"
        ],
        "dataSource": "unknown",
        "lastUpdated": "2026-10-09",
        "nearbyCafes500m": 6,
        "nearbyCafes1km": 18,
        "nearbyCafes2km": 23,
        "scoreAccessibility": 50,
        "scoreRarity": 30,
        "scorePopularity": 84,
        "scoreBrand": 60,
        "scoreSpace": 50,
        "scoreAmenity": 30,
        "scoreFreshness": 50,
        "score": 50
      }
    },
    {
      "type": "Feature",
      "geometry": {
        "type": "Point",
        "coordinates": [
          116.269438,
          40.018856
        ]
      },
      "properties": {
        "id": "cafe-120081-116269-40019",
        "name": "安打派咖啡",
        "address": "天秀路龙背村停车场301号",
        "district": "海淀区",
        "lng": 116.269438,
        "lat": 40.018856,
        "phone": [],
        "rating": 2.7,
        "avgPrice": null,
        "photos": [
          "https://store.is.autonavi.com/showpic/5eabfa5d7851c734d1f01c49353e1fb8",
          "https://store.is.autonavi.com/showpic/43cd53d500a4580738fe174a16cb1254"
        ],
        "tags": [
          "餐饮服务;咖啡厅;咖啡厅"
        ],
        "dataSource": "unknown",
        "lastUpdated": "2026-10-09",
        "nearbyCafes500m": 4,
        "nearbyCafes1km": 7,
        "nearbyCafes2km": 11,
        "scoreAccessibility": 50,
        "scoreRarity": 57,
        "scorePopularity": 54,
        "scoreBrand": 60,
        "scoreSpace": 50,
        "scoreAmenity": 30,
        "scoreFreshness": 50,
        "score": 50
      }
    },
    {
      "type": "Feature",
      "geometry": {
        "type": "Point",
        "coordinates": [
          116.191118,
          39.907638
        ]
      },
      "properties": {
        "id": "cafe-280452-116191-39908",
        "name": "luckin coffee 瑞幸咖啡(古城地铁站B口店)",
        "brand": "瑞幸",
        "brandCategory": "chain",
        "address": "八角街道古城南路黔灵饭店1幢一层105",
        "district": "石景山区",
        "lng": 116.191118,
        "lat": 39.907638,
        "phone": [],
        "rating": 3.8,
        "avgPrice": 19,
        "photos": [
          "https://store.is.autonavi.com/showpic/e212e8b172c4fbd84842d197f8d1d852",
          "https://store.is.autonavi.com/showpic/eb3809f789019c1e0000005024110225?type=pic"
        ],
        "tags": [
          "餐饮服务;餐饮相关场所;餐饮相关"
        ],
        "dataSource": "unknown",
        "lastUpdated": "2026-10-09",
        "nearbyCafes500m": 5,
        "nearbyCafes1km": 15,
        "nearbyCafes2km": 21,
        "scoreAccessibility": 50,
        "scoreRarity": 38,
        "scorePopularity": 76,
        "scoreBrand": 60,
        "scoreSpace": 50,
        "scoreAmenity": 30,
        "scoreFreshness": 50,
        "score": 50
      }
    },
    {
      "type": "Feature",
      "geometry": {
        "type": "Point",
        "coordinates": [
          116.184525,
          39.910496
        ]
      },
      "properties": {
        "id": "cafe-333416-116185-39910",
        "name": "luckin coffee 瑞幸咖啡(中海金鑫阁1号楼店)",
        "brand": "瑞幸",
        "brandCategory": "chain",
        "address": "城泰街与古盛路交叉口西南60米",
        "district": "石景山区",
        "lng": 116.184525,
        "lat": 39.910496,
        "phone": "4000100100",
        "rating": 3.8,
        "avgPrice": 12,
        "photos": [
          "https://store.is.autonavi.com/showpic/c287706810a95e84ab635a931ccf264d?operate=original",
          "https://store.is.autonavi.com/showpic/4689fa6ec783c6be329e48d31dd462f0",
          "https://store.is.autonavi.com/showpic/1029fa94d0e1a559b6dc884b602a76a4"
        ],
        "tags": [
          "餐饮服务;咖啡厅;咖啡厅"
        ],
        "dataSource": "unknown",
        "lastUpdated": "2026-10-09",
        "nearbyCafes500m": 6,
        "nearbyCafes1km": 15,
        "nearbyCafes2km": 22,
        "scoreAccessibility": 50,
        "scoreRarity": 38,
        "scorePopularity": 76,
        "scoreBrand": 60,
        "scoreSpace": 50,
        "scoreAmenity": 30,
        "scoreFreshness": 50,
        "score": 50
      }
    },
    {
      "type": "Feature",
      "geometry": {
        "type": "Point",
        "coordinates": [
          116.191975,
          39.911075
        ]
      },
      "properties": {
        "id": "cafe-402550-116192-39911",
        "name": "luckincoffee瑞幸咖啡(石景山古城南路步行街店)",
        "brand": "瑞幸",
        "brandCategory": "chain",
        "address": "古城南路与古城公园西街交叉口西40米",
        "district": "石景山区",
        "lng": 116.191975,
        "lat": 39.911075,
        "phone": "4000100100",
        "rating": 3.6,
        "avgPrice": 14,
        "photos": [
          "https://store.is.autonavi.com/showpic/d0ed0e1909f5be900000001792316704?type=pic"
        ],
        "tags": [
          "餐饮服务;咖啡厅;咖啡厅"
        ],
        "dataSource": "unknown",
        "lastUpdated": "2026-10-09",
        "nearbyCafes500m": 5,
        "nearbyCafes1km": 14,
        "nearbyCafes2km": 23,
        "scoreAccessibility": 50,
        "scoreRarity": 40,
        "scorePopularity": 72,
        "scoreBrand": 60,
        "scoreSpace": 50,
        "scoreAmenity": 30,
        "scoreFreshness": 50,
        "score": 50
      }
    },
    {
      "type": "Feature",
      "geometry": {
        "type": "Point",
        "coordinates": [
          116.490576,
          39.971614
        ]
      },
      "properties": {
        "id": "cafe-220340-116491-39972",
        "name": "瑞幸咖啡(星泰中心店)",
        "brand": "瑞幸",
        "brandCategory": "chain",
        "address": "酒仙桥路甲16号星泰中心一层01号(将台地铁站B东北口旁)",
        "district": "朝阳区",
        "lng": 116.490576,
        "lat": 39.971614,
        "phone": "4000100100",
        "rating": 4.1,
        "avgPrice": 13,
        "photos": [
          "https://store.is.autonavi.com/showpic/c287706810a95e84ab635a931ccf264d?operate=original",
          "http://store.is.autonavi.com/showpic/6ec68f7c45a4c2103db707b2e3fb199c",
          "http://store.is.autonavi.com/showpic/8b13c4f6abd52b9b36c0ac1f8ffdc367"
        ],
        "tags": [
          "餐饮服务;餐饮相关场所;餐饮相关"
        ],
        "dataSource": "unknown",
        "lastUpdated": "2026-10-09",
        "nearbyCafes500m": 18,
        "nearbyCafes1km": 23,
        "nearbyCafes2km": 23,
        "scoreAccessibility": 50,
        "scoreRarity": 25,
        "scorePopularity": 82,
        "scoreBrand": 60,
        "scoreSpace": 50,
        "scoreAmenity": 30,
        "scoreFreshness": 50,
        "score": 49
      }
    },
    {
      "type": "Feature",
      "geometry": {
        "type": "Point",
        "coordinates": [
          116.491771,
          39.969536
        ]
      },
      "properties": {
        "id": "cafe-115085-116492-39970",
        "name": "Nespresso(颐堤港店)",
        "address": "酒仙桥路18号颐堤港L1层L1-58(东5门进入向左走20m,扶梯附近)",
        "district": "朝阳区",
        "lng": 116.491771,
        "lat": 39.969536,
        "phone": "13810664386;15324332751",
        "rating": 3.9,
        "avgPrice": 608,
        "photos": [
          "https://aos-comment.amap.com/B0JG3SZ63Z/comment/20260313-41546b1c22800d337f914c8d-9Egjyp89U5t8SS75ce5QL6.jpg",
          "https://store.is.autonavi.com/showpic/ed8e34e87a73142c2f0f21f33295bd2c",
          "https://aos-comment.amap.com/B0JG3SZ63Z/comment/52369026f0ce5c69228033ecdf015325_2048_2048_80.jpg"
        ],
        "tags": [
          "餐饮服务;咖啡厅;咖啡厅|购物服务;专卖店;专营店"
        ],
        "dataSource": "unknown",
        "lastUpdated": "2026-10-09",
        "nearbyCafes500m": 10,
        "nearbyCafes1km": 22,
        "nearbyCafes2km": 23,
        "scoreAccessibility": 50,
        "scoreRarity": 25,
        "scorePopularity": 78,
        "scoreBrand": 60,
        "scoreSpace": 50,
        "scoreAmenity": 30,
        "scoreFreshness": 50,
        "score": 49
      }
    },
    {
      "type": "Feature",
      "geometry": {
        "type": "Point",
        "coordinates": [
          116.492575,
          39.973749
        ]
      },
      "properties": {
        "id": "cafe-248565-116493-39974",
        "name": "库迪咖啡(兆维工业园A2店)",
        "address": "北京城区兆维工业园区A区A2座东北角(7-Eleven西侧)",
        "district": "朝阳区",
        "lng": 116.492575,
        "lat": 39.973749,
        "phone": "17704784644",
        "rating": 4,
        "avgPrice": 9,
        "photos": [
          "https://store.is.autonavi.com/showpic/7b0db620ddccbe9ff42ce59100617216?operate=original?operate=original?operate=original?operate=original",
          "http://store.is.autonavi.com/showpic/e0932430a72fd40a8777dd4b332df936",
          "https://store.is.autonavi.com/showpic/5aa9bc2ea5e74acb0000001881188422?type=pic"
        ],
        "tags": [
          "餐饮服务;餐饮相关场所;餐饮相关"
        ],
        "dataSource": "unknown",
        "lastUpdated": "2026-10-09",
        "nearbyCafes500m": 14,
        "nearbyCafes1km": 23,
        "nearbyCafes2km": 23,
        "scoreAccessibility": 50,
        "scoreRarity": 25,
        "scorePopularity": 80,
        "scoreBrand": 60,
        "scoreSpace": 50,
        "scoreAmenity": 30,
        "scoreFreshness": 50,
        "score": 49
      }
    },
    {
      "type": "Feature",
      "geometry": {
        "type": "Point",
        "coordinates": [
          116.490405,
          39.97545
        ]
      },
      "properties": {
        "id": "cafe-282914-116490-39975",
        "name": "LAVAZZA拉瓦萨咖啡(北京酒仙桥店)",
        "address": "酒仙桥12号新辰里(酒仙桥店)1层F1-039LAVAZZA餐厅",
        "district": "朝阳区",
        "lng": 116.490405,
        "lat": 39.97545,
        "phone": "17710095571",
        "rating": 4.1,
        "avgPrice": 30,
        "photos": [
          "http://store.is.autonavi.com/query_pic?id=st8d3fef1a-b2ef-4def-ac6f-e1c1009e7b8b&user=search&operate=original",
          "https://aos-comment.amap.com/B0L6Y7L7Y3/comment/content_media_external_images_media_43478_1737244689471_82146028.jpg",
          "https://store.is.autonavi.com/showpic/66269322cb1154563406596fae90e500"
        ],
        "tags": [
          "餐饮服务;咖啡厅;咖啡厅"
        ],
        "dataSource": "unknown",
        "lastUpdated": "2026-10-09",
        "nearbyCafes500m": 8,
        "nearbyCafes1km": 21,
        "nearbyCafes2km": 23,
        "scoreAccessibility": 50,
        "scoreRarity": 25,
        "scorePopularity": 82,
        "scoreBrand": 60,
        "scoreSpace": 50,
        "scoreAmenity": 30,
        "scoreFreshness": 50,
        "score": 49
      }
    },
    {
      "type": "Feature",
      "geometry": {
        "type": "Point",
        "coordinates": [
          116.490756,
          39.975809
        ]
      },
      "properties": {
        "id": "cafe-306033-116491-39976",
        "name": "瑞幸咖啡(新辰里酒仙桥店)",
        "brand": "瑞幸",
        "brandCategory": "chain",
        "address": "酒仙桥路12号毕淘买生活广场负一层B1-038号",
        "district": "朝阳区",
        "lng": 116.490756,
        "lat": 39.975809,
        "phone": "4000100100",
        "rating": 4,
        "avgPrice": 13,
        "photos": [
          "https://store.is.autonavi.com/showpic/c287706810a95e84ab635a931ccf264d?operate=original",
          "https://aos-comment.amap.com/B0JGTKR9IV/comment/5ec2d0edd8bf6dd879bd4b8f7d4a5140_2048_2048_80.jpg",
          "https://aos-comment.amap.com/B0JGTKR9IV/comment/d948cda62efdccb088debab7d984303a_2048_2048_80.jpg"
        ],
        "tags": [
          "餐饮服务;咖啡厅;咖啡厅"
        ],
        "dataSource": "unknown",
        "lastUpdated": "2026-10-09",
        "nearbyCafes500m": 8,
        "nearbyCafes1km": 20,
        "nearbyCafes2km": 23,
        "scoreAccessibility": 50,
        "scoreRarity": 25,
        "scorePopularity": 80,
        "scoreBrand": 60,
        "scoreSpace": 50,
        "scoreAmenity": 30,
        "scoreFreshness": 50,
        "score": 49
      }
    },
    {
      "type": "Feature",
      "geometry": {
        "type": "Point",
        "coordinates": [
          116.493709,
          39.974365
        ]
      },
      "properties": {
        "id": "cafe-241371-116494-39974",
        "name": "瑞幸咖啡(兆维工业园店)",
        "brand": "瑞幸",
        "brandCategory": "chain",
        "address": "酒仙桥路14号兆维工业园一层西侧123号",
        "district": "朝阳区",
        "lng": 116.493709,
        "lat": 39.974365,
        "phone": "4000100100",
        "rating": 4,
        "avgPrice": 13,
        "photos": [
          "https://store.is.autonavi.com/showpic/c287706810a95e84ab635a931ccf264d?operate=original",
          "https://aos-comment.amap.com/B0JD7498XK/comment/content_media_external_images_media_1000023498_ss__1737792862041_41828538.jpg",
          "https://aos-comment.amap.com/B0JD7498XK/comment/content_media_external_images_media_1000023488_ss__1737792862040_08552706.jpg"
        ],
        "tags": [
          "餐饮服务;餐饮相关场所;餐饮相关"
        ],
        "dataSource": "unknown",
        "lastUpdated": "2026-10-09",
        "nearbyCafes500m": 11,
        "nearbyCafes1km": 19,
        "nearbyCafes2km": 23,
        "scoreAccessibility": 50,
        "scoreRarity": 28,
        "scorePopularity": 80,
        "scoreBrand": 60,
        "scoreSpace": 50,
        "scoreAmenity": 30,
        "scoreFreshness": 50,
        "score": 49
      }
    },
    {
      "type": "Feature",
      "geometry": {
        "type": "Point",
        "coordinates": [
          116.548975,
          39.962725
        ]
      },
      "properties": {
        "id": "cafe-1042-116549-39963",
        "name": "Lili coffee",
        "address": "东坝中路1号万达广场(北京东坝店)",
        "district": "朝阳区",
        "lng": 116.548975,
        "lat": 39.962725,
        "phone": [],
        "rating": 2.4,
        "avgPrice": null,
        "photos": [],
        "tags": [
          "餐饮服务;咖啡厅;咖啡厅"
        ],
        "dataSource": "unknown",
        "lastUpdated": "2026-10-09",
        "nearbyCafes500m": 8,
        "nearbyCafes1km": 8,
        "nearbyCafes2km": 22,
        "scoreAccessibility": 50,
        "scoreRarity": 55,
        "scorePopularity": 48,
        "scoreBrand": 60,
        "scoreSpace": 50,
        "scoreAmenity": 30,
        "scoreFreshness": 50,
        "score": 49
      }
    },
    {
      "type": "Feature",
      "geometry": {
        "type": "Point",
        "coordinates": [
          116.1838,
          39.90939
        ]
      },
      "properties": {
        "id": "cafe-98259-116184-39909",
        "name": "奇遇际",
        "address": "古城街道古盛路36号院5号楼203室",
        "district": "石景山区",
        "lng": 116.1838,
        "lat": 39.90939,
        "phone": "18513157909",
        "rating": 3.5,
        "avgPrice": null,
        "photos": [
          "http://store.is.autonavi.com/showpic/ff1b1c62746e5d93b85b3f31c9379225",
          "https://aos-comment.amap.com/B0J0O9DJVG/comment/540fc9c796335e6cec67334f231a44d0_2048_2048_80.jpg",
          "https://aos-comment.amap.com/B0J0O9DJVG/comment/fd4a3c2bf6c54edc061fd8be3320b31b_2048_2048_80.jpg"
        ],
        "tags": [
          "体育休闲服务;体育休闲服务场所;体育休闲服务场所"
        ],
        "dataSource": "unknown",
        "lastUpdated": "2026-10-09",
        "nearbyCafes500m": 7,
        "nearbyCafes1km": 15,
        "nearbyCafes2km": 21,
        "scoreAccessibility": 50,
        "scoreRarity": 38,
        "scorePopularity": 70,
        "scoreBrand": 60,
        "scoreSpace": 50,
        "scoreAmenity": 30,
        "scoreFreshness": 50,
        "score": 49
      }
    },
    {
      "type": "Feature",
      "geometry": {
        "type": "Point",
        "coordinates": [
          116.548675,
          39.961425
        ]
      },
      "properties": {
        "id": "cafe-295487-116549-39961",
        "name": "麦咖啡(万达广场北京东坝店)",
        "brand": "麦咖啡",
        "brandCategory": "chain",
        "address": "东坝中路1号万达广场(北京东坝店)",
        "district": "朝阳区",
        "lng": 116.548675,
        "lat": 39.961425,
        "phone": [],
        "rating": 2.8,
        "avgPrice": null,
        "photos": [],
        "tags": [
          "餐饮服务;咖啡厅;咖啡厅"
        ],
        "dataSource": "unknown",
        "lastUpdated": "2026-10-09",
        "nearbyCafes500m": 6,
        "nearbyCafes1km": 9,
        "nearbyCafes2km": 22,
        "scoreAccessibility": 50,
        "scoreRarity": 53,
        "scorePopularity": 56,
        "scoreBrand": 50,
        "scoreSpace": 50,
        "scoreAmenity": 30,
        "scoreFreshness": 50,
        "score": 48
      }
    },
    {
      "type": "Feature",
      "geometry": {
        "type": "Point",
        "coordinates": [
          116.491464,
          39.969179
        ]
      },
      "properties": {
        "id": "cafe-201436-116491-39969",
        "name": "矢量咖啡(颐堤港)",
        "address": "酒仙桥路18号颐堤港L3层L3-16(将台地铁站出入口旁)",
        "district": "朝阳区",
        "lng": 116.491464,
        "lat": 39.969179,
        "phone": "010-84176232",
        "rating": 3.1,
        "avgPrice": 66,
        "photos": [
          "https://store.is.autonavi.com/showpic/1fe720e04830eb980000007717230589?type=pic",
          "http://store.is.autonavi.com/showpic/74f61f7b39636c794456918c3807de70",
          "https://store.is.autonavi.com/showpic/318d161073ab44c60000007717224706?type=pic"
        ],
        "tags": [
          "餐饮服务;咖啡厅;咖啡厅"
        ],
        "dataSource": "unknown",
        "lastUpdated": "2026-10-09",
        "nearbyCafes500m": 9,
        "nearbyCafes1km": 22,
        "nearbyCafes2km": 23,
        "scoreAccessibility": 50,
        "scoreRarity": 25,
        "scorePopularity": 62,
        "scoreBrand": 60,
        "scoreSpace": 50,
        "scoreAmenity": 30,
        "scoreFreshness": 50,
        "score": 46
      }
    }
  ],
  "generatedAt": "2026-10-09T01:55:36.452Z",
  "total": 123
}